<gepiras>
<!-- [[[[[[[[[[[[[[[[[[[[[[ 1. ]]]]]]]]]]]]]]]]]]]]]] -->
	<oldal cim="Alaptartás betűi, a szóköz és az enter">
		<elem>
			<szoveg tipus="1" x="20" y="20" w="700" cim="true">Alaptartás betűi, a szóköz és az enter</szoveg>
<szoveg tipus="2" x="20" y="100" w="560">
			</szoveg>
		</elem>
		<elem>
			<szoveg tipus="1" x="20" y="20" w="700" cim="true">Mozdulatgyakorlatok</szoveg>
<szoveg tipus="2" x="20" y="100" w="560">
<sor>aaasssdddffffffdddsssaaaaaasssdddffffffdddsssaaaaaasssdddfff</sor>
<sor>asdffdsaasdffdsaasdffdsaasdffdsaasdffdsaasdffdsaasdffdsaasdf</sor>
			</szoveg>
		</elem>
		<elem>
			<szoveg tipus="1" x="20" y="20" w="700" cim="true">Szógyakorlatok</szoveg>
<szoveg tipus="2" x="20" y="100" w="560">
<sor>fafafafafafafafafafafafa</sor>
<sor>sassassassassassassassas</sor>
<sor>dadadadadadadadadadadada</sor>
			</szoveg>
		</elem>
		<elem>
			<szoveg tipus="1" x="20" y="20" w="700" cim="true">Mozdulatgyakorlatok</szoveg>
<szoveg tipus="2" x="20" y="100" w="560">
<sor>jjjkkkllléééééélllkkkjjjjjjkkkllléééééélllkkkjjjjjjkkklllééé</sor>
<sor>jkléélkjjkléélkjjkléélkjjkléélkjjkléélkjjkléélkjjkléélkjjklé</sor>
			</szoveg>
		</elem>
		<elem>
			<szoveg tipus="1" x="20" y="20" w="700" cim="true">Szógyakorlatok</szoveg>
<szoveg tipus="2" x="20" y="100" w="560">
<sor>kékkékkékkékkékkékkékkék</sor>
<sor>éljéljéljéljéljéljéljélj</sor>
<sor>léklékléklékléklékléklék</sor>
			</szoveg>
		</elem>
		<elem>
			<szoveg tipus="1" x="20" y="20" w="700" cim="true">Tudáspróba</szoveg>
<szoveg tipus="2" x="20" y="100" w="560">
<sor>désjakfl</sor>
			</szoveg>
		</elem>
		<elem>
			<szoveg tipus="1" x="20" y="20" w="700" cim="true">Szóköz (hüvelykujj) betűzése: köz</szoveg>
<szoveg tipus="2" x="20" y="100" w="560">
<sor>d é s j a k f l</sor>
			</szoveg>
		</elem>
		<elem>
			<szoveg tipus="1" x="20" y="20" w="700" cim="true">Szógyakorlatok</szoveg>
<szoveg tipus="2" x="20" y="100" w="560">
<sor>dada dada dada dada dada dada dada dada</sor>
<sor>dal dal dal dal dal dal dal dal dal dal</sor>	
<sor>fal fal fal fal fal fal fal fal fal fal</sor>
<sor>sas sas sas sas sas sas sas sas sas sas</sor>
<sor>alja alja alja alja alja alja alja alja</sor>
<sor>dada dal falj alja sas dada dal fal sas</sor>
<sor>kés kés kés kés kés kés kés kés kés kés</sor>
<sor>lék lék lék lék lék lék lék lék lék lék</sor>
<sor>fél fél fél fél fél fél fél fél fél fél</sor>
<sor>dél dél dél dél dél dél dél dél dél dél</sor>
<sor>kél kél kél kél kél kél kél kél kél kél</sor>
<sor>kés lék fél dél kél kés lék fél dél kél</sor>
<sor>dél fal kés dal él sas lék dada alja él</sor>
			</szoveg>
		</elem>
		<elem>
			<szoveg tipus="1" x="20" y="20" w="700" cim="true">Enter (jobb kéz kisujj) betűzése: sort vált</szoveg>
<szoveg tipus="2" x="20" y="100" w="560">
<sor>jklé</sor>
<sor>jklé</sor>
<sor>jklé</sor>
<sor>jklé</sor>
<sor>é</sor>
<sor>é</sor>
<sor>é</sor>
<sor>é</sor>
			</szoveg>
		</elem>
		<elem>
			<szoveg tipus="1" x="20" y="20" w="700" cim="true">Szógyakorlatok</szoveg>
<szoveg tipus="2" x="20" y="100" w="560">
<sor>kés kés fék fék kés kés fék fék kés kés fék fék kés kés fék</sor>
<sor>kés kés fék fék kés kés fék fék kés kés fék fék kés kés fék</sor>
<sor>és ék éjfél és ék éjfél és ék éjfél és ék éjfél és ék éjfél</sor>
<sor>és ék éjfél és ék éjfél és ék éjfél és ék éjfél és ék éjfél</sor>
<sor>dal dal adj adj dal dal adj adj dal dal adj adj dal dal adj</sor>
<sor>dal dal adj adj dal dal adj adj dal dal adj adj dal dal adj</sor>
<sor>al ad alja al ad alja al ad alja al ad alja al ad alja adja</sor>
<sor>al ad alja al ad alja al ad alja al ad alja al ad alja adja</sor>
<sor>sas sas fél fél sas sas fél fél sas sas fél fél sas sas fél</sor>
<sor>sas sas fél fél sas sas fél fél sas sas fél fél sas sas fél</sor>
<sor>séf séf adj adj séf séf adj adj séf séf adj adj séf séf adj</sor>
<sor>séf séf adj adj séf séf adj adj séf séf adj adj séf séf adj</sor>
<sor>akad akad félj félj akad akad félj félj akad akad félj akad</sor>
<sor>akad akad félj félj akad akad félj félj akad akad félj akad</sor>
<sor>késés dajka késés dajka késés dajka késés dajka késés dajka</sor>
<sor>késés dajka késés dajka késés dajka késés dajka késés dajka</sor>
<sor>éjfél alja éjfél alja éjfél alja éjfél alja éjfél alja félj</sor>
<sor>éjfél alja éjfél alja éjfél alja éjfél alja éjfél alja félj</sor>
<sor>salak lék sasfélék kajla sakk ék salak sasfélék kajla kék s</sor>
<sor>salak lék sasfélék kajla sakk ék salak sasfélék kajla kék s</sor>
			</szoveg>
	</elem>
</oldal>
<!-- [[[[[[[[[[[[[[[[[[[[[[ 2. ]]]]]]]]]]]]]]]]]]]]]] -->
<oldal cim="Az r betű (bal kéz mutatóujj)">
		<elem>
			<szoveg tipus="1" x="20" y="20" w="700" cim="true">Az r betű (bal kéz mutatóujj)</szoveg>
<szoveg tipus="2" x="20" y="100" w="560">
			</szoveg>
		</elem>
		<elem>
		<szoveg tipus="1" x="20" y="20" w="700" cim="true">Mozdulatgyakorlatok</szoveg>
<szoveg tipus="2" x="20" y="100" w="560">
<sor>frfrfrfrfrfrfrfrfrfrfrfrf</sor>
<sor>arf srf drf frf jrf krf lrf érf arf srf drf frf jrf krf lrf érf</sor>
			</szoveg>
		</elem>
		<elem>
			<szoveg tipus="1" x="20" y="20" w="700" cim="true">Szógyakorlatok</szoveg>
<szoveg tipus="2" x="20" y="100" w="560">

<sor>karfa karfa érfal érfal karfa karfa érfal érfal karfa karfa ér</sor>
<sor>karfa karfa érfal érfal karfa karfa érfal érfal karfa karfa ér</sor>
<sor>dér dara dér dara dér dara dér dara dér dara dér dara dér dara</sor>
<sor>dér dara dér dara dér dara dér dara dér dara dér dara dér dara</sor>
<sor>kér sarja frakk kér sarja frakk kér sarja frakk kér sarja férj</sor>
<sor>kér sarja frakk kér sarja frakk kér sarja frakk kér sarja férj</sor>
<sor>ér akarja rés ér akarja rés ér akarja rés ér akarja rés ér ara</sor>
<sor>ér akarja rés ér akarja rés ér akarja rés ér akarja rés ér ara</sor>
<sor>sakkra kasra fér saras sakkra kasra fér saras sakkra kasra fér</sor>
<sor>sakkra kasra fér saras sakkra kasra fér saras sakkra kasra fér</sor>
<sor>sarkad kar affér rakja sarkad kar affér rakja sarkad kar affér</sor>
<sor>sarkad kar affér rakja sarkad kar affér rakja sarkad kar affér</sor>
			</szoveg>
		</elem>
		<elem>
			<szoveg tipus="1" x="20" y="20" w="700" cim="true">Összegző gyakorlás</szoveg>
<szoveg tipus="2" x="20" y="100" w="560">
<sor>ér radar rés karja fér rak farkas kérdés far dér kakasra frakk</sor>
<sor>sasra kérdés raj akar karddal sarka arra karfa kar salakra kér</sor>
			</szoveg>
		</elem>
		<elem>
			<szoveg tipus="1" x="20" y="20" w="700" cim="true">Koncentrációs feladat</szoveg>
<szoveg tipus="2" x="20" y="100" w="560">
<sor>saras ara sér arsak rak dakras réffa laddrak raka arsakak jrék</sor>

			</szoveg>
	</elem>
</oldal>
<!-- [[[[[[[[[[[[[[[[[[[[[[ 3. ]]]]]]]]]]]]]]]]]]]]]] -->
	<oldal cim="Az i betű (jobb kéz középső ujj)">
		<elem>
			<szoveg tipus="1" x="20" y="20" w="700" cim="true">Az i betű (jobb kéz középső ujj)</szoveg>
<szoveg tipus="2" x="20" y="100" w="560">
			</szoveg>
		</elem>
		<elem>
			<szoveg tipus="1" x="20" y="20" w="700" cim="true">Mozdulatgyakorlatok</szoveg>
<szoveg tipus="2" x="20" y="100" w="560">
<sor>kikikikikikikikikikikikik</sor>
<sor>aik sik dik fik jik kik lik éik aik sik dik fik jik kik lik éik</sor>
			</szoveg>
		</elem>
		<elem>
			<szoveg tipus="1" x="20" y="20" w="700" cim="true">Szógyakorlatok</szoveg>
<szoveg tipus="2" x="20" y="100" w="560">

<sor>kik élik kik élik kik élik kik élik kik élik kik élik kik élik</sor>
<sor>kik élik kik élik kik élik kik élik kik élik kik élik kik élik</sor>
<sor>illik lakik illik lakik illik lakik illik lakik illik lakik él</sor>
<sor>illik lakik illik lakik illik lakik illik lakik illik lakik él</sor>
<sor>dalia kiéli dalia kiéli dalia kiéli dalia kiéli dalia kiéli ki</sor>
<sor>dalia kiéli dalia kiéli dalia kiéli dalia kiéli dalia kiéli ki</sor>
<sor>sisakra kiflik kissé sisakra kiflik kissé sisakra kiflik kissé</sor>
<sor>sisakra kiflik kissé sisakra kiflik kissé sisakra kiflik kissé</sor>
<sor>férfi ifjakra fiaikra férfi ifjakra fiaikra férfi ifjakra fiai</sor>
<sor>férfi ifjakra fiaikra férfi ifjakra fiaikra férfi ifjakra fiai</sor>
<sor>riad dalaikra kéri falaira riad dalaikra kéri falaira riad dal</sor>
<sor>riad dalaikra kéri falaira riad dalaikra kéri falaira riad dal</sor>
			</szoveg>
		</elem>
		<elem>
			<szoveg tipus="1" x="20" y="20" w="700" cim="true">Összegző gyakorlás</szoveg>
<szoveg tipus="2" x="20" y="100" w="560">
<sor>kérik riad friss kifér karika irkafirka kirak kiad férfi klikk</sor>
<sor>ikra dalia diadal lakik fali afrikai késik is érik idill friss</sor>

			</szoveg>
	</elem>
</oldal>
<!-- [[[[[[[[[[[[[[[[[[[[[[ 4. ]]]]]]]]]]]]]]]]]]]]]] -->
	<oldal cim="Az m betű (jobb kéz mutatóujj)">
		<elem>
			<szoveg tipus="1" x="20" y="20" w="700" cim="true">Az m betű (jobb kéz mutatóujj)</szoveg>
<szoveg tipus="2" x="20" y="100" w="560">
			</szoveg>
		</elem>
		<elem>
			<szoveg tipus="1" x="20" y="20" w="700" cim="true">Mozdulatgyakorlatok</szoveg>
<szoveg tipus="2" x="20" y="100" w="560">
<sor>jmjmjmjmjmjmjmjmjmjmjmjmj</sor>
<sor>amj smj dmj fmj jmj kmj lmj émj amj smj dmj fmj jmj kmj lmj émj</sor>
			</szoveg>
		</elem>
		<elem>
			<szoveg tipus="1" x="20" y="20" w="700" cim="true">Szógyakorlatok</szoveg>
<szoveg tipus="2" x="20" y="100" w="560">

<sor>majma karma majma karma majma karma majma karma majma karma ma</sor>
<sor>majma karma majma karma majma karma majma karma majma karma ma</sor>
<sor>falam damil majd falam damil majd falam damil majd falam damil</sor>
<sor>falam damil majd falam damil majd falam damil majd falam damil</sor>
<sor>maffia mifélék séma maffia mifélék séma maffia mifélék séma mi</sor>
<sor>maffia mifélék séma maffia mifélék séma maffia mifélék séma mi</sor>
<sor>karima mérés kimarja karima mérés kimarja karima mérés kimarja</sor>
<sor>karima mérés kimarja karima mérés kimarja karima mérés kimarja</sor>
<sor>akadémiai alkalmi diafilm marad akadémiai alkalmi diafilm marj</sor>
<sor>akadémiai alkalmi diafilm marad akadémiai alkalmi diafilm marj</sor>
			</szoveg>
		</elem>
		<elem>
			<szoveg tipus="1" x="20" y="20" w="700" cim="true">Összegző gyakorlás</szoveg>
<szoveg tipus="2" x="20" y="100" w="560">
<sor>maradi érmés kimér rémlik maiak maradj mi maradék fiam iramlik</sor>
<sor>iram karma makkra méla séma film kamra kiflik simlis alma farm</sor>
<sor>kalamajka majmai fém damillal akarja marék kém alkalma maskara</sor>
			</szoveg>
	</elem>
</oldal>
<!-- [[[[[[[[[[[[[[[[[[[[[[ 5. ]]]]]]]]]]]]]]]]]]]]]] -->
	<oldal cim="Az á betű (jobb kéz kisujj)">
		<elem>
			<szoveg tipus="1" x="20" y="20" w="700" cim="true">Az á betű (jobb kéz kisujj)</szoveg>
<szoveg tipus="2" x="20" y="100" w="560">
			</szoveg>
		</elem>
		<elem>
			<szoveg tipus="1" x="20" y="20" w="700" cim="true">Mozdulatgyakorlatok</szoveg>
<szoveg tipus="2" x="20" y="100" w="560">
<sor>éáéáéáéáéáéáéáéáéáéáéáéáé</sor>
<sor>aáé sáé dáé fáé jáé káé láé éáé aáé sáé dáé fáé jáé káé láé éáé</sor>
			</szoveg>
		</elem>
		<elem>
			<szoveg tipus="1" x="20" y="20" w="700" cim="true">Szógyakorlatok</szoveg>
<szoveg tipus="2" x="20" y="100" w="560">

<sor>ráér állam ráér állam ráér állam ráér állam ráér állam ráér ál</sor>
<sor>ráér állam ráér állam ráér állam ráér állam ráér állam ráér ál</sor>
<sor>fáj sár kár már fák rák sár fáj sár kár már fák rák sár fáj ám</sor>
<sor>láma árkai sáskái láma árkai sáskái láma árkai sáskái láma ára</sor>
<sor>láma árkai sáskái láma árkai sáskái láma árkai sáskái láma ára</sor>
<sor>firkál árai májas firkál árai májas firkál ára májas firkál lá</sor>
<sor>firkál árai májas firkál árai májas firkál ára májas firkál lá</sor>
<sor>sál áramlás áfa rakás dárda sál áramlás áfa rakás dárda sál ár</sor>
<sor>sál áramlás áfa rakás dárda sál áramlás áfa rakás dárda sál ár</sor>
<sor>kára madárdal fárad járda láma akár kára fárad járda kiadására</sor>
<sor>kára madárdal fárad járda láma akár kára fárad járda kiadására</sor>
			</szoveg>
		</elem>
		<elem>
			<szoveg tipus="1" x="20" y="20" w="700" cim="true">Összegző gyakorlás</szoveg>
<szoveg tipus="2" x="20" y="100" w="560">
<sor>fákra állásaikra ajkára áriák kádra rámás imái májai kiáradása</sor>
<sor>árral firkál ráadás karimás más dárda járdára akár imád ládika</sor>
<sor>fájdalmai akarás maradás mák rád kád rám ás állás másik járkál</sor>
			</szoveg>
	</elem>
</oldal>
<!-- [[[[[[[[[[[[[[[[[[[[[[ 6. ]]]]]]]]]]]]]]]]]]]]]] -->
	<oldal cim="A vessző (jobb kéz középső ujj) és a v betű (bal kéz mutatóujj)">
		<elem>
			<szoveg tipus="1" x="20" y="20" w="700" cim="true">A vessző (jobb kéz középső ujj) betűzése: vesz</szoveg>
<szoveg tipus="2" x="20" y="100" w="560">
			</szoveg>
		</elem>
		<elem>
			<szoveg tipus="1" x="20" y="20" w="700" cim="true">Mozdulatgyakorlatok</szoveg>
<szoveg tipus="2" x="20" y="100" w="560">
<sor>k,k,k,k,k,k,k,k,k,k,k,k,k</sor>
<sor>a,k s,k d,k f,k j,k k,k l,k é,k a,k s,k d,k f,k j,k k,k l,k é,k</sor>
			</szoveg>
		</elem>
		<elem>
			<szoveg tipus="1" x="20" y="20" w="700" cim="true">Szógyakorlatok</szoveg>
<szoveg tipus="2" x="20" y="100" w="560">

<sor>akik, mák, mér, sas, akik, mák, mér, sas, akik, mák, mér, sas,</sor>
<sor>akik, mák, mér, sas, akik, mák, mér, sas, akik, mák, mér, sas,</sor>
			</szoveg>
		</elem>
		<elem>
			<szoveg tipus="1" x="20" y="20" w="700" cim="true">A v betű (bal kéz mutatóujj)</szoveg>
<szoveg tipus="2" x="20" y="100" w="560">			
			</szoveg>
		</elem>
		<elem>
			<szoveg tipus="1" x="20" y="20" w="700" cim="true">Mozdulatgyakorlatok</szoveg>
<szoveg tipus="2" x="20" y="100" w="560">
<sor>fvfvfvfvfvfvfvfvfvfvfvfvf</sor>
<sor>avf svf dvf fvf jvf kvf lvf évf avf svf dvf fvf jvf kvf lvf évf</sor>
			</szoveg>
		</elem>
		<elem>
			<szoveg tipus="1" x="20" y="20" w="700" cim="true">Szógyakorlatok</szoveg>
<szoveg tipus="2" x="20" y="100" w="560">

<sor>falva kavar falva kavar falva kavar falva kavar falva kavar fa</sor>
<sor>falva kavar falva kavar falva kavar falva kavar falva kavar fa</sor>
<sor>vidék, félév, varas, kavar, vidéki, félév, varas, kavar, vidék</sor>
<sor>vidék, félév, varas, kavar, vidéki, félév, varas, kavar, vidék</sor>
<sor>vall, varrja, vak, javak, avas, vall, varrja, vak, javak, avas</sor>
<sor>vall, varrja, vak, javak, avas, vall, varrja, vak, javak, avas</sor>
<sor>darálva, árvák, várjam, darálva, árva, várjam, darálva, árvák,</sor>
<sor>darálva, árvák, várjam, darálva, árva, várjam, darálva, árvák,</sor>
<sor>véka, kálvária, vér, avval, válik, véka, kálvária, vér, avval,</sor>
<sor>véka, kálvária, vér, avval, válik, véka, kálvária, vér, avval,</sor>
			</szoveg>
		</elem>
		<elem>
			<szoveg tipus="1" x="20" y="20" w="700" cim="true">Összegző gyakorlás</szoveg>
<szoveg tipus="2" x="20" y="100" w="560">

<sor>virrad, járva, kivárják, lárva, vásár, valami, villám, várják,</sor>
<sor>vásár, varrás, vak, vallás, válás, ismérv, véradás, villákkal,</sor>
<sor>alvadás, vidra, kávé, várva, kavar, svéd, alvási, rák, viadal,</sor>
<sor>vakarás, ivás, valakik, vajas, rivall, amarra, avval, sivárak,</sor>


			</szoveg>
	</elem>
</oldal>
<!-- [[[[[[[[[[[[[[[[[[[[[[ 7. ]]]]]]]]]]]]]]]]]]]]]] -->
	<oldal cim="Az e betű (bal kéz középső ujj)">
		<elem>
			<szoveg tipus="1" x="20" y="20" w="700" cim="true">Az e betű (bal kéz középső ujj)</szoveg>
<szoveg tipus="2" x="20" y="100" w="560">
			</szoveg>
		</elem>
		<elem>
			<szoveg tipus="1" x="20" y="20" w="700" cim="true">Mozdulatgyakorlatok</szoveg>
<szoveg tipus="2" x="20" y="100" w="560">
<sor>dedededededededededededed</sor>
<sor>aed sed ded fed jed ked led éed aed sed ded fed jed ked led éed</sor>
			</szoveg>
		</elem>
		<elem>
			<szoveg tipus="1" x="20" y="20" w="700" cim="true">Szógyakorlatok</szoveg>
<szoveg tipus="2" x="20" y="100" w="560">

<sor>fedele kedves fedele kedves fedele kedves fedele kedves fedele</sor>
<sor>fedele kedves fedele kedves fedele kedves fedele kedves fedele</sor>
<sor>ered, merem, keres, mérve, ide, kell, ered, merem, keres, érve</sor>
<sor>ered, merem, keres, mérve, ide, kell, ered, merem, keres, érve</sor>
<sor>kevés, derék, elemes, erre, feles, deres, keres, ráesik, elmar</sor>
<sor>kevés, derék, elemes, erre, feles, deres, keres, ráesik, elmar</sor>
<sor>ráesik feláll, felér felad elválik elás elmér, feléri ledermed</sor>
<sor>ráesik feláll, felér felad elválik elás elmér, feléri ledermed</sor>
<sor>véres viselkedik velem verem kelve esik emlék élelem fedél fel</sor>
<sor>véres viselkedik velem verem kelve esik emlék élelem fedél fel</sor>
<sor>remekel merev, kelve deres, kiemel amerikai mivel, kérve rémes,</sor>
<sor>remekel merev, kelve deres, kiemel amerikai mivel, kérve rémes,</sor>
			</szoveg>
		</elem>
		<elem>
			<szoveg tipus="1" x="20" y="20" w="700" cim="true">Összegző gyakorlás</szoveg>
<szoveg tipus="2" x="20" y="100" w="560">
<sor>kiesik, ráver, veres lemar, felár, felemel leesik elél, révedés</sor>
<sor>levél, semmire, rémes mérje ide kerék fejem éjjel kelméje, evés</sor>
<sor>ideális ideje elvisel, ismerem eljár verem, réved derék lelkes,</sor>
<sor>lelek, sikeres semmi, deres kérlek, verkli, medve kisded, lélek</sor>


			</szoveg>
	</elem>
</oldal>
<!-- [[[[[[[[[[[[[[[[[[[[[[ 8. ]]]]]]]]]]]]]]]]]]]]]] -->
	<oldal cim="A h betű (jobb kéz mutatóujj)">
		<elem>
			<szoveg tipus="1" x="20" y="20" w="700" cim="true">A h betű (jobb kéz mutatóujj)</szoveg>
<szoveg tipus="2" x="20" y="100" w="560">
			</szoveg>
		</elem>
		<elem>
			<szoveg tipus="1" x="20" y="20" w="700" cim="true">Mozdulatgyakorlatok</szoveg>
<szoveg tipus="2" x="20" y="100" w="560">
<sor>jhjhjhjhjhjhjhjhjhjhjhjhj</sor>
<sor>ahj shj dhj fhj jhj khj lhj éhj ahj shj dhj fhj jhj khj lhj éhj</sor>
			</szoveg>
		</elem>
		<elem>
			<szoveg tipus="1" x="20" y="20" w="700" cim="true">Szógyakorlatok</szoveg>
<szoveg tipus="2" x="20" y="100" w="560">

<sor>hajlam hajlik hajlam hajlik hajlam hajlik hajlam hajlik hajlam</sor>
<sor>hajlam hajlik hajlam hajlik hajlam hajlik hajlam hajlik hajlam</sor>
<sor>hasal, marha, hárfa, hasal, marha, hárfa, hasal, marha, hárfa,</sor>
<sor>hasal, marha, hárfa, hasal, marha, hárfa, hasal, marha, hárfa,</sor>
<sor>hajas, heves almahéj, hervad hajas, heves almahéj, hervad haj,</sor>
<sor>hajas, heves almahéj, hervad hajas, heves almahéj, hervad haj,</sor>
<sor>hadd hallják, derékhajlás, héja, hármas haladék, iharfa hamis,</sor>
<sor>hadd hallják, derékhajlás, héja, hármas haladék, iharfa hamis,</sor>
<sor>havas, haladás, méhek, halál vemhes, alhas, hever, málhás, haj</sor>
<sor>havas, haladás, méhek, halál vemhes, alhas, hever, málhás, haj</sor>
			</szoveg>
		</elem>
		<elem>
			<szoveg tipus="1" x="20" y="20" w="700" cim="true">Összegző gyakorlás</szoveg>
<szoveg tipus="2" x="20" y="100" w="560">
<sor>hadarás, harakiri hiedelem, héja, havi hasfájás, hárfa hervad,</sor>
<sor>hidd el, hamis, hamvas, haramia, hadra kel, hajlék, kehes, sah</sor>

			</szoveg>
	</elem>
</oldal>
<!-- [[[[[[[[[[[[[[[[[[[[[[ 9. ]]]]]]]]]]]]]]]]]]]]]] -->
	<oldal cim="A t betű (bal kéz mutatóujj)">
		<elem>
			<szoveg tipus="1" x="20" y="20" w="700" cim="true">A t betű (bal kéz mutatóujj)</szoveg>
<szoveg tipus="2" x="20" y="100" w="560">
			</szoveg>
		</elem>
		<elem>
			<szoveg tipus="1" x="20" y="20" w="700" cim="true">Mozdulatgyakorlatok</szoveg>
<szoveg tipus="2" x="20" y="100" w="560">
<sor>ftftftftftftftftftftftftf</sor>
<sor>atf stf dtf ftf jtf ktf ltf étf atf stf dtf ftf jtf ktf ltf étf</sor>
			</szoveg>
		</elem>
		<elem>
			<szoveg tipus="1" x="20" y="20" w="700" cim="true">Szógyakorlatok</szoveg>
<szoveg tipus="2" x="20" y="100" w="560">

<sor>hátfájás kétféle hátfájás kétféle hátfájás kétféle hátfájás ét</sor>
<sor>hátfájás kétféle hátfájás kétféle hátfájás kétféle hátfájás ét</sor>
<sor>alatta, statika, hivatal, heti, alatta, statika, hivatal, heti</sor>
<sor>alatta, statika, hivatal, heti, alatta, statika, hivatal, heti</sor>
<sor>tiltsa, hatalmas, hálát ad, életet, tiltsa, hatalmas, hálát ad</sor>
<sor>tiltsa, hatalmas, hálát ad, életet, tiltsa, hatalmas, hálát ad</sor>
<sor>éjféltájt, támla, staféta, ihletve, éjféltájt, támla, staféta,</sor>
<sor>éjféltájt, támla, staféta, ihletve, éjféltájt, támla, staféta,</sor>
<sor>diktál, telek, támadás, sejtje, diktál, telek, támadás, sejtje</sor>
<sor>diktál, telek, támadás, sejtje, diktál, telek, támadás, sejtje</sor>
<sor>riadtak, távirat, direkt, vért, riadtak, távirat, direkt, vért</sor>
<sor>riadtak, távirat, direkt, vért, riadtak, távirat, direkt, vért</sor>
			</szoveg>
		</elem>
		<elem>
			<szoveg tipus="1" x="20" y="20" w="700" cim="true">Összegző gyakorlás</szoveg>
<szoveg tipus="2" x="20" y="100" w="560">
<sor>állattartás, siet, méter, maradt, társ, levesestál, tetraéder,</sor>
<sor>játék, teljes, hátvéd, termet, hadjárat, sétafikál, tétel, rét</sor>
<sor>start, hidat ver, matt, sárréti, kémhatás, vet, határ, sértve,</sor>
<sor>miért, hat, hét, sajt, skálát, taréj, restell, remete, hektár,</sor>
<sor>rajta, társvállalat, rakéta, ritka, teher, hátralék, teátrális</sor>



			</szoveg>
	</elem>
</oldal>
<!-- [[[[[[[[[[[[[[[[[[[[[[ 10. ]]]]]]]]]]]]]]]]]]]]]] -->
	<oldal cim="Az ő betű (jobb kéz kisujj)">
		<elem>
			<szoveg tipus="1" x="20" y="20" w="700" cim="true">Az ő betű (jobb kéz kisujj)</szoveg>
<szoveg tipus="2" x="20" y="100" w="560">
			</szoveg>
		</elem>
		<elem>
			<szoveg tipus="1" x="20" y="20" w="700" cim="true">Mozdulatgyakorlatok</szoveg>
<szoveg tipus="2" x="20" y="100" w="560">
<sor>éőéőéőéőéőéőéőéőéőéőéőéőé</sor>
<sor>aőé sőé dőé főé jőé kőé lőé éőé aőé sőé dőé főé jőé kőé lőé éőé</sor>
			</szoveg>
		</elem>
		<elem>
			<szoveg tipus="1" x="20" y="20" w="700" cim="true">Szógyakorlatok</szoveg>
<szoveg tipus="2" x="20" y="100" w="560">

<sor>főér őérte főér őérte főér őérte főér őérte főér őérte főér őr</sor>
<sor>főér őérte főér őérte főér őérte főér őérte főér őérte főér őr</sor>
<sor>kő ős lő őr fő kő ős lő őr fő kő ős lő őr fő kő ős lő őr fő kő</sor>
<sor>főkre, előkelő, vésőjét, első, főkre, előkelő, vésőjét, elsőt,</sor>
<sor>főkre, előkelő, vésőjét, első, főkre, előkelő, vésőjét, elsőt,</sor>
<sor>erő, dőlése, őserdőt, velő, erő, dőlése, őserdőt, velő, erővel</sor>
<sor>erő, dőlése, őserdőt, velő, erő, dőlése, őserdőt, velő, erővel</sor>
<sor>kettős, előadása, főtitkár, kettős, előadása, főtitkár, kettős</sor>
<sor>kettős, előadása, főtitkár, kettős, előadása, főtitkár, kettős</sor>
<sor>vivőér, kártevő, tőle, tőkés, vivőér, kártevő, tőle, tőkés, vő</sor>
<sor>vivőér, kártevő, tőle, tőkés, vivőér, kártevő, tőle, tőkés, vő</sor>
			</szoveg>
		</elem>
		<elem>
			<szoveg tipus="1" x="20" y="20" w="700" cim="true">Összegző gyakorlás</szoveg>
<szoveg tipus="2" x="20" y="100" w="560">
<sor>keltő, festő, fő feladat, őrmester, testőr, hátralevő, felelős</sor>
<sor>hőstett, őrs, ősidő, térdvédő, tekerő, félidő, termő, tetőtér,</sor>
<sor>semmirekellő, felső, ehető, ősemlős, hőt, emelő, tőr, fejvédő,</sor>
<sor>hétfőre, kőre, eső, vető, felhő, főtér, fő feltétel, főhős, ős</sor>


			</szoveg>
	</elem>
</oldal>
<!-- [[[[[[[[[[[[[[[[[[[[[[ 11. ]]]]]]]]]]]]]]]]]]]]]] -->
	<oldal cim="Az u betű (jobb kéz mutatóujj)">
		<elem>
			<szoveg tipus="1" x="20" y="20" w="700" cim="true">Az u betű (jobb kéz mutatóujj)</szoveg>
<szoveg tipus="2" x="20" y="100" w="560">
			</szoveg>
		</elem>
		<elem>
			<szoveg tipus="1" x="20" y="20" w="700" cim="true">Mozdulatgyakorlatok</szoveg>
<szoveg tipus="2" x="20" y="100" w="560">
<sor>éjujujujujujujujujujujujuj</sor>
<sor>auj suj duj fuj juj kuj luj éuj auj suj duj fuj juj kuj luj éuj</sor>
			</szoveg>
		</elem>
		<elem>
			<szoveg tipus="1" x="20" y="20" w="700" cim="true">Szógyakorlatok</szoveg>
<szoveg tipus="2" x="20" y="100" w="560">

<sor>ujja tuja ujj tuja ujja tuja ujj tuja ujja tuja ujj tuja ujjai</sor>
<sor>ujja tuja ujj tuja ujja tuja ujj tuja ujja tuja ujj tuja ujjai</sor>
<sor>május, falu, ural, futás, május, falu, ural, futás, május, fut</sor>
<sor>május, falu, ural, futás, május, falu, ural, futás, május, fut</sor>
<sor>fásulva, hull, alku, udvar, fásulva, hull, alku, udvar, fásul,</sor>
<sor>fásulva, hull, alku, udvar, fásulva, hull, alku, udvar, fásul,</sor>
<sor>tutaj, rudak árus, kalkulál tutaj, rudak árus, kalkulál tutaj,</sor>
<sor>tutaj, rudak árus, kalkulál tutaj, rudak árus, kalkulál tutaj,</sor>
<sor>duda, ruha, ultimátum, suta, duda, ruha, ultimátum, suta, duda</sor>
<sor>duda, ruha, ultimátum, suta, duda, ruha, ultimátum, suta, duda</sor>
			</szoveg>
		</elem>
		<elem>
			<szoveg tipus="1" x="20" y="20" w="700" cim="true">Összegző gyakorlás</szoveg>
<szoveg tipus="2" x="20" y="100" w="560">
<sor>mulat, utál kutatási, hárul tudat, viadukt titulus utas, tuja,</sor>
<sor>tumultus, turkál vidul, mulattat stádium, vermut, mutat, kutat</sor>
<sor>tufa sudár, felsőruha átutal, árus, hárul, virul, főutas, suta</sor>
<sor>tus, eklektikus statuál, feudális, vákuum effektus, suli avul,</sor>


			</szoveg>
	</elem>
</oldal>
<!-- [[[[[[[[[[[[[[[[[[[[[[ 12. ]]]]]]]]]]]]]]]]]]]]]] -->
	<oldal cim="A g betű (bal kéz mutatóujj)">
		<elem>
			<szoveg tipus="1" x="20" y="20" w="700" cim="true">A g betű (bal kéz mutatóujj)</szoveg>
<szoveg tipus="2" x="20" y="100" w="560">
			</szoveg>
		</elem>
		<elem>
			<szoveg tipus="1" x="20" y="20" w="700" cim="true">Mozdulatgyakorlatok</szoveg>
<szoveg tipus="2" x="20" y="100" w="560">
<sor>fgfgfgfgfgfgfgfgfgfgfgfgf</sor>
<sor>agf sgf dgf fgf jgf kgf lgf égf agf sgf dgf fgf jgf kgf lgf égf</sor>
			</szoveg>
		</elem>
		<elem>
			<szoveg tipus="1" x="20" y="20" w="700" cim="true">Szógyakorlatok</szoveg>
<szoveg tipus="2" x="20" y="100" w="560">

<sor>megfér világfi, megfér világfi, megfér világfi, megfér világfi</sor>
<sor>megfér világfi, megfér világfi, megfér világfi, megfér világfi</sor>
<sor>vég, grill, gumi, ugar, iga, vég, grill, gumi, ugar, iga, vég,</sor>
<sor>sugár, virág, gőggel, sugár, virág, gőggel, sugár, virág, gőg,</sor>
<sor>sugár, virág, gőggel, sugár, virág, gőggel, sugár, virág, gőg,</sor>
<sor>vigasság, grafit, hidegvér, vigasság, grafit, hidegvér, vigad,</sor>
<sor>vigasság, grafit, hidegvér, vigasság, grafit, hidegvér, vigad,</sor>
<sor>gerilla, mulatság, fáradság, gerilla, mulatság, fáradtság, mag</sor>
<sor>gerilla, mulatság, fáradság, gerilla, mulatság, fáradtság, mag</sor>
<sor>legelő allergia, hőség ugat egér, ugrálás gém gát harag magát,</sor>
<sor>legelő allergia, hőség ugat egér, ugrálás gém gát harag magát,</sor>
			</szoveg>
		</elem>
		<elem>
			<szoveg tipus="1" x="20" y="20" w="700" cim="true">Összegző gyakorlás</szoveg>
<szoveg tipus="2" x="20" y="100" w="560">
<sor>megvet, legelsőt, megtart fergeteges, hargitai, tágul hajgumi,</sor>
<sor>mulatság váltság sárga, grammatika világ, visegrádi ugrás, agg</sor>
<sor>villásreggeli griff, gallér gálaest gratulál, galéria gárdista</sor>
<sor>gamma, gavallér, gitár gurulva, másvilág hideg, végtől, végig,</sor>
<sor>éldegél főleg, aligha, tágas, vergődik, vághat, addig, magával</sor>


			</szoveg>
	</elem>
</oldal>
<!-- [[[[[[[[[[[[[[[[[[[[[[ 13. ]]]]]]]]]]]]]]]]]]]]]] -->
	<oldal cim="Az o betű (jobb kéz gyűrűsujj)">
		<elem>
			<szoveg tipus="1" x="20" y="20" w="700" cim="true">Az o betű (jobb kéz gyűrűsujj)</szoveg>
<szoveg tipus="2" x="20" y="100" w="560">
			</szoveg>
		</elem>
		<elem>
			<szoveg tipus="1" x="20" y="20" w="700" cim="true">Mozdulatgyakorlatok</szoveg>
<szoveg tipus="2" x="20" y="100" w="560">
<sor>lolololololololololololol</sor>
<sor>aol sol dol fol jol kol lol éol aol sol dol fol jol kol lol éol</sor>
			</szoveg>
		</elem>
		<elem>
			<szoveg tipus="1" x="20" y="20" w="700" cim="true">Szógyakorlatok</szoveg>
<szoveg tipus="2" x="20" y="100" w="560">

<sor>olajos volt dalol olajos volt dalol olajos volt dalol olajosak</sor>
<sor>olajos volt dalol olajos volt dalol olajos volt dalol olajosak</sor>
<sor>hol sok fog kos sor ott hol sok fog kos sor ott hol sok fog ok</sor>
<sor>tilalom, élőhalott, tolvaj, tilalom, élőhalott, tolvaj, tilos,</sor>
<sor>tilalom, élőhalott, tolvaj, tilalom, élőhalott, tolvaj, tilos,</sor>
<sor>alkohol, megolvad, távol, siralom, alkohol, megolvad, távoliak</sor>
<sor>alkohol, megolvad, távol, siralom, alkohol, megolvad, távoliak</sor>
<sor>motor, forma torma, torta koros, motor, forma torma, torta kor</sor>
<sor>motor, forma torma, torta koros, motor, forma torma, torta kor</sor>
<sor>forog, halom, lektor, forr, odaugrik, rumos, olvas, hová, most</sor>
<sor>forog, halom, lektor, forr, odaugrik, rumos, olvas, hová, most</sor>
			</szoveg>
		</elem>
		<elem>
			<szoveg tipus="1" x="20" y="20" w="700" cim="true">Összegző gyakorlás</szoveg>
<szoveg tipus="2" x="20" y="100" w="560">
<sor>iroda, létjogosultság irodalom, leomlott okos, romos fordulat,</sor>
<sor>főorvos, futok tartok, hulldogál, humor, álmos, soros, logika,</sor>
<sor>demokratikus diktátor, orra elől, iskola felsőoktatás, leomol,</sor>
<sor>doktor okol, ostrom, reform, amott, állomás toll, morog tárol,</sor>
<sor>forog, tolvaj huhog dalol, logaritmikus, foltos okirat, táltos</sor>

			</szoveg>
	</elem>
</oldal>
<!-- [[[[[[[[[[[[[[[[[[[[[[ 14. ]]]]]]]]]]]]]]]]]]]]]] -->
	<oldal cim="A z betű (jobb kéz mutatóujj)">
		<elem>
			<szoveg tipus="1" x="20" y="20" w="700" cim="true">A z betű (jobb kéz mutatóujj)</szoveg>
<szoveg tipus="2" x="20" y="100" w="560">
			</szoveg>
		</elem>
		<elem>
			<szoveg tipus="1" x="20" y="20" w="700" cim="true">Mozdulatgyakorlatok</szoveg>
<szoveg tipus="2" x="20" y="100" w="560">
<sor>jzjzjzjzjzjzjzjzjzjzjzjzj</sor>
<sor>azj szj dzj fzj jzj kzj lzj ézj azj szj dzj fzj jzj kzj lzj ézj</sor>
			</szoveg>
		</elem>
		<elem>
			<szoveg tipus="1" x="20" y="20" w="700" cim="true">Szógyakorlatok</szoveg>
<szoveg tipus="2" x="20" y="100" w="560">

<sor>kézjel észjárása kézjel észjárása kézjel észjárása kézjel esze</sor>
<sor>kézjel észjárása kézjel észjárása kézjel észjárása kézjel esze</sor>
<sor>szárazjég vészjel szárazjég vészjel szárazjég vészjel szárazra</sor>
<sor>azzal máz, lesz, ezzel szám azzal máz, lesz, ezzel száma azzal</sor>
<sor>azzal máz, lesz, ezzel szám azzal máz, lesz, ezzel száma azzal</sor>
<sor>kereszt fosztogat darázs részvét humusz szemét szélvész asztma</sor>
<sor>kereszt fosztogat darázs részvét humusz szemét szélvész asztma</sor>
<sor>ázik éjszaka, fokozat atlasz, ehhez zsák, atomizál szavak, ház</sor>
<sor>ázik éjszaka, fokozat atlasz, ehhez zsák, atomizál szavak, ház</sor>
<sor>humoreszk, kalauz duzzadt holdutazás, szuggerál augusztus érzi</sor>
<sor>humoreszk, kalauz duzzadt holdutazás, szuggerál augusztus érzi</sor>
			</szoveg>
		</elem>
		<elem>
			<szoveg tipus="1" x="20" y="20" w="700" cim="true">Összegző gyakorlás</szoveg>
<szoveg tipus="2" x="20" y="100" w="560">
<sor>filozofál, résztvevő északi, demokratizál, tészta dzseki, ázik</sor>
<sor>házigazda, gusztus tavasz, ősz zár az áramszolgáltatás, vissza</sor>
<sor>időzavar modellezés, zajártalom akusztikus, diszkrét, dolgozat</sor>
<sor>rosszullét, afroázsiai drasztikus rész légszomj, őrvezető rizs</sor>
<sor>őshaza meghazudtol, mezőgazdasági hőszigetelő kulissza félszáz</sor>


			</szoveg>
	</elem>
</oldal>
<!-- [[[[[[[[[[[[[[[[[[[[[[ 15. ]]]]]]]]]]]]]]]]]]]]]] -->
	<oldal cim="A pont betű és a Shift">
		<elem>
			<szoveg tipus="1" x="20" y="20" w="700" cim="true">A pont (jobb kéz gyűrűsujj)</szoveg>
<szoveg tipus="2" x="20" y="100" w="560">
			</szoveg>
		</elem>
		<elem>
			<szoveg tipus="1" x="20" y="20" w="700" cim="true">Mozdulatgyakorlatok</szoveg>
<szoveg tipus="2" x="20" y="100" w="560">
<sor>l.l.l.l.l.l.l.l.l.l.l.l.l</sor>
<sor>a.l s.l d.l f.l j.l k.l l.l é.l a.l s.l d.l f.l j.l k.l l.l é.l</sor>
			</szoveg>
		</elem>
		<elem>
			<szoveg tipus="1" x="20" y="20" w="700" cim="true">Rövidítések</szoveg>
<szoveg tipus="2" x="20" y="100" w="560">

<sor>fszt., á. é., f. h., ill., du., uo., kft., ig., o., ui., i. m.</sor>
<sor>fszt., á. é., f. h., ill., du., uo., kft., ig., o., ui., i. m.</sor>
			</szoveg>
		</elem>
		<elem>
			<szoveg tipus="1" x="20" y="20" w="700" cim="true">Shift (bal és jobb kéz kisujj)</szoveg>
<szoveg tipus="2" x="20" y="100" w="560">			
			</szoveg>
		</elem>
		<elem>
			<szoveg tipus="1" x="20" y="20" w="700" cim="true">Mozdulatgyakorlatok</szoveg>
<szoveg tipus="2" x="20" y="100" w="560">
<sor>a(Vált)a a(Vált)a a(Vált)a a(Vált)a a(Vált)a a(Vált)a a(Vált)a</sor>
<sor>é(Vált)é é(Vált)é é(Vált)é é(Vált)é é(Vált)é é(Vált)é é(Vált)é</sor>
<sor>A S D F J K L É</sor>
<sor>E O M R V U I T</sor>
			</szoveg>
		</elem>
		<elem>
			<szoveg tipus="1" x="20" y="20" w="700" cim="true">Szógyakorlatok</szoveg>
<szoveg tipus="2" x="20" y="100" w="560">
<sor>Eszter. Dezső. Máté. Zsolt. Demeter. Kamilla. Ádám. Teréz. Éva</sor>
<sor>Fokváros. Kréta. Ságvár. Kalotaszeg. Orosháza. Marseille. Érd.</sor>
<sor>Mikszáth. Tamási. Kassák. Dsida. Heltai. Juhász. Kaffka. Lázár</sor>
<sor>Verdi. Mozart. Mahler. Grieg. Ligeti. Goldmark. Lehár. Strauss</sor>
<sor>Moreau. Matisse. Rossetti. Vermeer. Murillo. Raffaello. Giotto</sor>
<sor>Kádár. Tisza. Teleki. Lakatos. Szemere. Lázár. Rákosi. Hiller.</sor>
<sor>MTA, TIT, EKG, MTI, URH, AKG, ELTE, TESZ, KSH, FÁK, TDK, MRTV,</sor>
			</szoveg>
		</elem>
		<elem>
			<szoveg tipus="1" x="20" y="20" w="700" cim="true">Szövegmásolás</szoveg>
<szoveg tipus="2" x="20" y="100" w="560">
<sor>Eső áztatta a járdát, sétálok rajta. Visszaemlékszem kiskorom</sor>
<sor>idejére, mikor Ákos testvérem gitározott, a madarak fészkeket</sor>
<sor>raktak a ház előtti fára, s a virágok tarka mivoltukkal</sor>
<sor>jelezték a tavaszt. Hétfő este ismét sétálok, hazafelé tartok.</sor>
<sor>Kedd reggel a mamám reggelivel vár az asztal mellett, Ákos</sor>
<sor>tusol, Éva meg kéreti magát. Sietek, már futok is, hisz vár</sor>
<sor>az iskola és a társak is.</sor>

			</szoveg>
	</elem>
</oldal>
<!-- [[[[[[[[[[[[[[[[[[[[[[ 16. ]]]]]]]]]]]]]]]]]]]]]] -->
	<oldal cim="A c betű (bal kéz középső ujj)">
		<elem>
			<szoveg tipus="1" x="20" y="20" w="700" cim="true">A c betű (bal kéz középső ujj)</szoveg>
<szoveg tipus="2" x="20" y="100" w="560">
			</szoveg>
		</elem>
		<elem>
			<szoveg tipus="1" x="20" y="20" w="700" cim="true">Mozdulatgyakorlatok</szoveg>
<szoveg tipus="2" x="20" y="100" w="560">
<sor>dcdcdcdcdcdcdcdcdcdcdcdcd</sor>
<sor>acd scd dcd fcd jcd kcd lcd écd acd scd dcd fcd jcd kcd lcd écd</sor>
			</szoveg>
		</elem>
		<elem>
			<szoveg tipus="1" x="20" y="20" w="700" cim="true">Szógyakorlatok</szoveg>
<szoveg tipus="2" x="20" y="100" w="560">

<sor>cédula csak cédula csak cédula csak cédula csak cédula csak léc</sor>
<sor>cédula csak cédula csak cédula csak cédula csak cédula csak léc</sor>
<sor>cudar kacaj, acél cikk cudar kacaj, acél cikk cudar kacaj, cikk</sor>
<sor>cudar kacaj, acél cikk cudar kacaj, acél cikk cudar kacaj, cikk</sor>
<sor>cél, kalács, vacog, cica, cél, kalács, vacog, cica, cél, kalács</sor>
<sor>cél, kalács, vacog, cica, cél, kalács, vacog, cica, cél, kalács</sor>
<sor>tárcsa férc kulacs, csekk kicsi, tárcsa férc kulacs, csekk cuki</sor>
<sor>tárcsa férc kulacs, csekk kicsi, tárcsa férc kulacs, csekk cuki</sor>
<sor>mocsok család, csecsemő, vacsora szakács, talicska csemege csak</sor>
<sor>mocsok család, csecsemő, vacsora szakács, talicska csemege csak</sor>
<sor>mocsok család, csecsemő, vacsora szakács, talicska csemege csak</sor>
			</szoveg>
		</elem>
		<elem>
			<szoveg tipus="1" x="20" y="20" w="700" cim="true">Összegző gyakorlás</szoveg>
<szoveg tipus="2" x="20" y="100" w="560">
<sor>csőcselék kacagtat, traccsol csokoládé, csavar csemete, hacsak</sor>
<sor>ceruza március, vacog csak kacsa, cél celluloid, cella tragacs</sor>
<sor>cigaretta, meccs ácsorog, szociális micsoda tucat raccsol rács</sor>
<sor>élcelődés cirkusz, álca csodálatos terc asszociál csillag vicc</sor>
			</szoveg>
		</elem>
		<elem>
			<szoveg tipus="1" x="20" y="20" w="700" cim="true">Szövegmásolás</szoveg>
<szoveg tipus="2" x="20" y="100" w="560">
<sor>Citromos csirkét vacsoráztam, ez est hamar eltelt. A tévé</sor>
<sor>előtt álltam, a csodára vártam, de a csoda elmaradt. Valami</sor>
<sor>jelet akartam, mi által tudom, mihez kezdjek. Gitároztam,</sor>
<sor>majd elaludtam és most álmodom. Az erdő titokzatos, sejtelmes</sor>
<sor>létével tárul elém. Hold és csillagok, fák és virágok, s a</sor>
<sor>medve, mi cammog előttem. Halk, kis mozdulatokat teszek,</sor>
<sor>arcom félelemmel telt, de mégis érzem az erőt és tudom, célom</sor>
<sor>élcelődés cirkusz, álca csodálatos terc asszociál csillag vicc</sor>
<sor>elérem, s ekkor magamhoz térek.</sor>

			</szoveg>
	</elem>
</oldal>
<!-- [[[[[[[[[[[[[[[[[[[[[[ 17. ]]]]]]]]]]]]]]]]]]]]]] -->
	<oldal cim="Az n betű (jobb kéz mutatóujj)">
		<elem>
			<szoveg tipus="1" x="20" y="20" w="700" cim="true">Az n betű (jobb kéz mutatóujj)</szoveg>
<szoveg tipus="2" x="20" y="100" w="560">
			</szoveg>
		</elem>
		<elem>
			<szoveg tipus="1" x="20" y="20" w="700" cim="true">Mozdulatgyakorlatok</szoveg>
<szoveg tipus="2" x="20" y="100" w="560">
<sor>jnjnjnjnjnjnjnjnjnjnjnjnj</sor>
<sor>anj snj dnj fnj jnj knj lnj énj anj snj dnj fnj jnj knj lnj énj</sor>
			</szoveg>
		</elem>
		<elem>
			<szoveg tipus="1" x="20" y="20" w="700" cim="true">Szógyakorlatok</szoveg>
<szoveg tipus="2" x="20" y="100" w="560">

<sor>nénje kenje nénje kenje nénje kenje nénje kenje nénje kenje ne</sor>
<sor>nénje kenje nénje kenje nénje kenje nénje kenje nénje kenje ne</sor>
<sor>sallang, évenként, szerint ajánlat, sallang, évenként, szerint</sor>
<sor>sallang, évenként, szerint ajánlat, sallang, évenként, szerint</sor>
<sor>forint esztendő teknős, hangerő, forint esztendő teknős, hang,</sor>
<sor>forint esztendő teknős, hangerő, forint esztendő teknős, hang,</sor>
<sor>zseni, fantázia tulajdonos, erőnlét zseni, fantázia tulajdonos</sor>
<sor>zseni, fantázia tulajdonos, erőnlét zseni, fantázia tulajdonos</sor>
<sor>ellenség, tekintet elégtelen, sincs ellenség, tekintet elegen,</sor>
<sor>ellenség, tekintet elégtelen, sincs ellenség, tekintet elegen,</sor>
<sor>dinár csinál szezon francia csonkul, garzon gengszter, délután</sor>
<sor>dinár csinál szezon francia csonkul, garzon gengszter, délután</sor>
			</szoveg>
		</elem>
		<elem>
			<szoveg tipus="1" x="20" y="20" w="700" cim="true">Összegző gyakorlás</szoveg>
<szoveg tipus="2" x="20" y="100" w="560">
<sor>unatkozik, centrifuga gondtalan, zenekar tanárnő, szaloncukor,</sor>
<sor>világnézet diktafon, tornázik fácáncsirke, ventilátor, unszol,</sor>
<sor>utána, frekvencia kamaraénekes, funkcionál azonnal, halandzsa,</sor>
<sor>aszerint csatorna, titkárnő gerinc, szalon tetanusz nincstelen</sor>
<sor>cinizmus, ellentmond domináns uzsonna, engesztel, mandula nem,</sor>
<sor>lánc, szanszkrit, telefon, zsargon, csendesség, tréning, ennél</sor>
			</szoveg>
		</elem>
		<elem>
			<szoveg tipus="1" x="20" y="20" w="700" cim="true">Szövegmásolás - Rácz Hajnalka: Egyedül</szoveg>
<szoveg tipus="2" x="20" y="100" w="560">
<sor>A nénikém csak évenként látogat meg minket. Nem messze él,</sor>
<sor>Svájc felső részén. Mikor megérkezik, fáradt lustaságot</sor>
<sor>mutat, s mi alig tudjuk kivárni meséjét. Minden alkalommal</sor>
<sor>elmondja, miként élnek ott a lakosok, mivel foglalkoznak,</sor>
<sor>mit csinálnak. Este lefekszik, de a reggel frissességével</sor>
<sor>hirtelen megelevenedik előtte Svájc világa és csak mondja,</sor>
<sor>mondja...</sor>


			</szoveg>
	</elem>
</oldal>
<!-- [[[[[[[[[[[[[[[[[[[[[[ 18. ]]]]]]]]]]]]]]]]]]]]]] -->
	<oldal cim="Az y betű (bal kéz kisujj)">
		<elem>
			<szoveg tipus="1" x="20" y="20" w="700" cim="true">Az y betű (bal kéz kisujj) betűzése: ipsz</szoveg>
<szoveg tipus="2" x="20" y="100" w="560">
			</szoveg>
		</elem>
		<elem>
			<szoveg tipus="1" x="20" y="20" w="700" cim="true">Mozdulatgyakorlatok</szoveg>
<szoveg tipus="2" x="20" y="100" w="560">
<sor>ayayayayayayayayayayayaya</sor>
<sor>aya sya dya fya jya kya lya éya aya sya dya fya jya kya lya éya</sor>
			</szoveg>
		</elem>
		<elem>
			<szoveg tipus="1" x="20" y="20" w="700" cim="true">Szógyakorlatok</szoveg>
<szoveg tipus="2" x="20" y="100" w="560">

<sor>anya atya lánya agya yard anya atya lánya agya yard anya atyai</sor>
<sor>anya atya lánya agya yard anya atya lánya agya yard anya atyai</sor>
<sor>hangya hanyag, őrangyal, tanya ágya hangya hanyag, őrangyalok,</sor>
<sor>hangya hanyag, őrangyal, tanya ágya hangya hanyag, őrangyalok,</sor>
<sor>gyertya, támolyog, vagyis, magyar, nagy, zsámoly, tevékenység,</sor>
<sor>gyertya, támolyog, vagyis, magyar, nagy, zsámoly, tevékenység,</sor>
<sor>higany, ahogy, menny gyorsvonat, csuklya viszony, nyilatkozat,</sor>
<sor>higany, ahogy, menny gyorsvonat, csuklya viszony, nyilatkozat,</sor>
<sor>mennyi, homály, kenyér figyelem kályha, gyurma szeszély, irány</sor>
<sor>mennyi, homály, kenyér figyelem kályha, gyurma szeszély, irány</sor>
<sor>fenyegetőzik, jegyző asszony, fagyjon délnyugat ereklye, vágy,</sor>
<sor>fenyegetőzik, jegyző asszony, fagyjon délnyugat ereklye, vágy,</sor>
			</szoveg>
		</elem>
		<elem>
			<szoveg tipus="1" x="20" y="20" w="700" cim="true">Összegző gyakorlás</szoveg>
<szoveg tipus="2" x="20" y="100" w="560">
<sor>nyámmog egyenes, dohány komoly, nyersanyag, vigyáz tarsoly egy</sor>
<sor>gyáva igyekvő, hiányzik fonnyad, hangverseny ernyőnyél, mosoly</sor>
<sor>messze, szegély gyanakodik, szenvedély, igazolvány, versenyző,</sor>
<sor>nyugta villámgyors, járvánnyal gyomlál egyetem helyettes, négy</sor>
<sor>csakugyan kályha ennyi kinyit, fenyeget szegény olyan kényszer</sor>
			</szoveg>
		</elem>
		<elem>
			<szoveg tipus="1" x="20" y="20" w="700" cim="true">Szövegmásolás - Rácz Hajnalka: Kamasz</szoveg>
<szoveg tipus="2" x="20" y="100" w="560">
<sor>Csodálatos nyár ez a mostani. A család hamarosan elindul,</sor>
<sor>kirándulni megy, ezért mi gyerekek mind izgatottak vagyunk.</sor>
<sor>Anya kicsit ideges, mert még sok a teendő. Azt hiszem, nehéz</sor>
<sor>a felnőttek élete. Szerencsére csak tizenéves vagyok, néha</sor>
<sor>lázadok, de ez a kamaszkorral jár. Ha felnőtt leszek, későn</sor>
<sor>házasodom, mert sokat szeretnék még tanulni. Kicsit</sor>
<sor>elkalandoztam. A család vár a ház előtt. Elindulunk.</sor>

			</szoveg>
	</elem>
</oldal>
<!-- [[[[[[[[[[[[[[[[[[[[[[ 19. ]]]]]]]]]]]]]]]]]]]]]] -->
	<oldal cim="A p betű (jobb kéz kisujj)">
		<elem>
			<szoveg tipus="1" x="20" y="20" w="700" cim="true">A p betű (jobb kéz kisujj)</szoveg>
<szoveg tipus="2" x="20" y="100" w="560">
			</szoveg>
		</elem>
		<elem>
			<szoveg tipus="1" x="20" y="20" w="700" cim="true">Mozdulatgyakorlatok</szoveg>
<szoveg tipus="2" x="20" y="100" w="560">
<sor>épépépépépépépépépépépépé</sor>
<sor>apé spé dpé fpé jpé kpé lpé épé apé spé dpé fpé jpé kpé lpé épé</sor>
			</szoveg>
		</elem>
		<elem>
			<szoveg tipus="1" x="20" y="20" w="700" cim="true">Szógyakorlatok</szoveg>
<szoveg tipus="2" x="20" y="100" w="560">

<sor>lépés pék lépés pék lépés pék lépés pék lépés pék lépés pékkel</sor>
<sor>lépés pék lépés pék lépés pék lépés pék lépés pék lépés pékkel</sor>
<sor>kupé, cipész tapéta, kupé, cipész tapéta, kupé, cipész tapéta,</sor>
<sor>kupé, cipész tapéta, kupé, cipész tapéta, kupé, cipész tapéta,</sor>
<sor>készpénz példány, népszokás, készpénz példány, népszokás, pénz</sor>
<sor>készpénz példány, népszokás, készpénz példány, népszokás, pénz</sor>
<sor>pohár, apraja, papot, szép, patronált, spanyol, napos, csupasz</sor>
<sor>pohár, apraja, papot, szép, patronált, spanyol, napos, csupasz</sor>
<sor>pillér játékpénz, állapot, olimpia paradicsom, horpaszt, parfé</sor>
<sor>pillér játékpénz, állapot, olimpia paradicsom, horpaszt, parfé</sor>
<sor>opera naptár, copf pompa, csoportosul, perc, gépkocsi, paraszt</sor>
<sor>opera naptár, copf pompa, csoportosul, perc, gépkocsi, paraszt</sor>
			</szoveg>
		</elem>
		<elem>
			<szoveg tipus="1" x="20" y="20" w="700" cim="true">Összegző gyakorlás</szoveg>
<szoveg tipus="2" x="20" y="100" w="560">
<sor>riporter, pacsirta, parancs, lőpor, nappal, poétikus, korrupt,</sor>
<sor>metropolisz, plasztika, poggyász, operatőr, apparátus, panasz,</sor>
<sor>portré, operett, lepke, pongyola, epizodikus, kapor, kapszula,</sor>
<sor>kapitalizmus, politika, képviselőfánk, ampulla, igazolványkép,</sor>
<sor>páncélos, kompromisszum, panasz, improvizál, pasztell, diploma</sor>
<sor>enciklopédia, munkaképesség, pacsirta, empátia, káposzta, tipp</sor>
			</szoveg>
		</elem>
		<elem>
			<szoveg tipus="1" x="20" y="20" w="700" cim="true">Szövegmásolás - Rácz Hajnalka: Természetellenes</szoveg>
<szoveg tipus="2" x="20" y="100" w="560">
<sor>A szél lágy tengerén hintázik minden ágon élő falevél.</sor>
<sor>Alázattal állok előtte. Pontatlan mozdulatok váltakoznak</sor>
<sor>egymás után. Játék ez csupán, a természet játéka. De lám,</sor>
<sor>rossz helyen van egy ág, modern kocsiját akadályozza</sor>
<sor>a parkolásnál. A férfi kimegy a ház udvarára, levágja az</sor>
<sor>ágat és elégedetten távozik, megnyugvást talál. De a</sor>
<sor>természet csonka lett, az egyéni érdek megtépázta mindazt,</sor>
<sor>mi egyszer teljességet alkotott.</sor>


			</szoveg>
	</elem>
</oldal>
<!-- [[[[[[[[[[[[[[[[[[[[[[ 20. ]]]]]]]]]]]]]]]]]]]]]] -->
	<oldal cim="A b betű (bal kéz mutatóujj)">
		<elem>
			<szoveg tipus="1" x="20" y="20" w="700" cim="true">A b betű (bal kéz mutatóujj)</szoveg>
<szoveg tipus="2" x="20" y="100" w="560">
			</szoveg>
		</elem>
		<elem>
			<szoveg tipus="1" x="20" y="20" w="700" cim="true">Mozdulatgyakorlatok</szoveg>
<szoveg tipus="2" x="20" y="100" w="560">
<sor>fbfbfbfbfbfbfbfbfbfbfbfbf</sor>
<sor>abf sbf dbf fbf jbf kbf lbf ébf abf sbf dbf fbf jbf kbf lbf ébf</sor>
			</szoveg>
		</elem>
		<elem>
			<szoveg tipus="1" x="20" y="20" w="700" cim="true">Szógyakorlatok</szoveg>
<szoveg tipus="2" x="20" y="100" w="560">

<sor>tábla ablak kabát tábla ablak kabát tábla ablak kabát táblákon</sor>
<sor>tábla ablak kabát tábla ablak kabát tábla ablak kabát táblákon</sor>
<sor>tábor szobor, legszebb obsitos tábor szobor, legszebb obsitos,</sor>
<sor>tábor szobor, legszebb obsitos tábor szobor, legszebb obsitos,</sor>
<sor>tabu, ballada publikál, abban, jobb, téblábol, stabil bandzsa,</sor>
<sor>tabu, ballada publikál, abban, jobb, téblábol, stabil bandzsa,</sor>
<sor>kabaré, szabályzat, befőtt kombinál, reálbér, tabletta kobalt,</sor>
<sor>kabaré, szabályzat, befőtt kombinál, reálbér, tabletta kobalt,</sor>
<sor>kabát, sebesség kabinet, rabszolga, kabala oboa, legszebb, bal</sor>
<sor>kabát, sebesség kabinet, rabszolga, kabala oboa, legszebb, bal</sor>
<sor>brazil trombita szabászat, tubus szabadság, uborka sablon baba</sor>
<sor>brazil trombita szabászat, tubus szabadság, uborka sablon baba</sor>
			</szoveg>
		</elem>
		<elem>
			<szoveg tipus="1" x="20" y="20" w="700" cim="true">Összegző gyakorlás</szoveg>
<szoveg tipus="2" x="20" y="100" w="560">
<sor>banán labirintus lebegő, ibolya inkább bibliográfia, december,</sor>
<sor>cimbalom, beszél abnormális boszorkány, lobban hebehurgya bél,</sor>
<sor>bőség vibrál, bonyolult csapda, burleszk, buddhista zsibvásár,</sor>
<sor>burgonya, obszcén barátság csibe barokk, gabona abszurd hobbi,</sor>
<sor>algebra szeptember, bliccel ballépés hibázik, bankett, bacilus</sor>
			</szoveg>
		</elem>
		<elem>
			<szoveg tipus="1" x="20" y="20" w="700" cim="true">Szövegmásolás - Rácz Hajnalka: Balázs</szoveg>
<szoveg tipus="2" x="20" y="100" w="560">
<sor>Bátor bátyám, Balázs békát boncol a laborban. Orvos lesz belőle.</sor>
<sor>Én a bejáratnál bizalmatlanul bámulom őt, majd megborzongok.</sor>
<sor>Kirohanok. Biciklivel a bolondokházába hajtok, ahol barátom</sor>
<sor>boldogságában virágokat gondoz a kertben, pihenésként pedig a</sor>
<sor>bibliáját olvassa. Azután budapesti barátaimhoz biciklizek, s </sor>
<sor>a borospincében a borospoharak mellett Balázs cselekedetéről</sor>
<sor>mesélek.</sor>

			</szoveg>
	</elem>
</oldal>
<!-- [[[[[[[[[[[[[[[[[[[[[[ 21. ]]]]]]]]]]]]]]]]]]]]]] -->
	<oldal cim="A kötőjel (jobb kéz kisujj)">
		<elem>
			<szoveg tipus="1" x="20" y="20" w="700" cim="true">A kötőjel (jobb kéz kisujj)</szoveg>
<szoveg tipus="2" x="20" y="100" w="560">
			</szoveg>
		</elem>
		<elem>
			<szoveg tipus="1" x="20" y="20" w="700" cim="true">Mozdulatgyakorlatok</szoveg>
<szoveg tipus="2" x="20" y="100" w="560">
<sor>é-é-é-é-é-é-é-é-é-é-é-é-é</sor>
<sor>a-é s-é d-é f-é j-é k-é l-é é-é a-é s-é d-é f-é j-é k-é l-é é-é</sor>
			</szoveg>
		</elem>
		<elem>
			<szoveg tipus="1" x="20" y="20" w="700" cim="true">Szógyakorlatok</szoveg>
<szoveg tipus="2" x="20" y="100" w="560">
<sor>egy-egy, néha-néha, szoba-konyhás, unos-untalan, szánom-bánom,</sor>
<sor>irul-pirul, kék-fehér, orrán-száján, alig-alig, járjon-keljen,</sor>
<sor>teng-leng, vámtarifa-egyezmény, filmelőadás-sorozat, zeng-bong</sor>
<sor>meg-megállt, csetlik-botlik, gizes-gazos, kezét-lábát, ide-oda</sor>
<sor>tejjel-mézzel, lassan-lassan, csip-csup, fel-feléledt, itt-ott</sor>
<sor>rőzse-dalok, gyémánt-hitemet, hossz-szelvény, Széll-lel, Ny-i,</sor>
<sor>háromezer-huszonegy, Omega-féle, Csepel-sziget, Arany János-i,</sor>
<sor>Bá-tho-ry, fél-ol-da-las, Coo-per, csen-dért, bol-tért, át-él,</sor>
<sor>gáz- és villanyfogyasztásra, gazdasági-társadalmi viszonyokat,</sor>
			</szoveg>
		</elem>
		<elem>
			<szoveg tipus="1" x="20" y="20" w="700" cim="true">Helyesírás</szoveg>
<szoveg tipus="2" x="20" y="100" w="560">
<sor>társszerző, kiféle-miféle, sakk-mattot ad, munkaidő-kedvezmény</sor>
<sor>munkaerő-ellátottság, munkabérfizetés, munkaerő-nyilvántartás,</sor>
			</szoveg>
		</elem>
		<elem>
			<szoveg tipus="1" x="20" y="20" w="700" cim="true">Szövegmásolás - Rácz Hajnalka: Levegő</szoveg>
<szoveg tipus="2" x="20" y="100" w="560">
<sor>Szeretem járni az országot. Magyarország nem csak a hazám,</sor>
<sor>de az otthonom is, ahol szebbnél szebb tájakra lelek. Nem-</sor>
<sor>rég egy olyan helyet találtam, mely még a térképen sem volt.</sor>
<sor>Csodás természeti adottságai vannak, védelmet érdemel. Ta-</sor>
<sor>lán ezért is titkolják létezését. Egy ember sem él ott,</sor>
<sor>csak az erdő vadjai, a hegyek fái, a tiszta levegő madarai,</sor>
<sor>a bogarak és még sok más élőlény. Fantasztikus, ahogy elva-</sor>
<sor>rázsolt e táj, még a lélegzetem is elállt. Hajnalban a har-</sor>
<sor>mat fátylat eresztett rám, majd reggel a napsugarak csik-</sor>
<sor>landozták arcom sovány bőrét, mely felébresztett.</sor>

			</szoveg>
	</elem>
</oldal>
<!-- [[[[[[[[[[[[[[[[[[[[[[ 22. ]]]]]]]]]]]]]]]]]]]]]] -->
	<oldal cim="Az x betű (bal kéz gyűrűsujj)">
		<elem>
			<szoveg tipus="1" x="20" y="20" w="700" cim="true">Az x betű (bal kéz gyűrűsujj)</szoveg>
<szoveg tipus="2" x="20" y="100" w="560">
			</szoveg>
		</elem>
		<elem>
			<szoveg tipus="1" x="20" y="20" w="700" cim="true">Mozdulatgyakorlatok</szoveg>
<szoveg tipus="2" x="20" y="100" w="560">
<sor>sxsxsxsxsxsxsxsxsxsxsxsxs</sor>
<sor>axs sxs dxs fxs jxs kxs lxs éxs axs sxs dxs fxs jxs kxs lxs éxs</sor>
			</szoveg>
		</elem>
		<elem>
			<szoveg tipus="1" x="20" y="20" w="700" cim="true">Szógyakorlatok</szoveg>
<szoveg tipus="2" x="20" y="100" w="560">

<sor>textil xerox textil xerox textil xerox textil xerox textil fix</sor>
<sor>textil xerox textil xerox textil xerox textil xerox textil fix</sor>
<sor>fax lux fix fax lux fix fax lux fix fax lux fix fax lux fixált</sor>
<sor>taxi export, taxi export, taxi export, taxi export, taxi extra</sor>
<sor>taxi export, taxi export, taxi export, taxi export, taxi extra</sor>
<sor>exkuzál ortodox, exkuzál luxus, exkuzál ortodox, exkuzál luxus</sor>
<sor>exkuzál ortodox, exkuzál luxus, exkuzál ortodox, exkuzál luxus</sor>
<sor>komplex, oxigén, detoxikálás, hidroxid, fixál, reflexmozdulat,</sor>
<sor>komplex, oxigén, detoxikálás, hidroxid, fixál, reflexmozdulat,</sor>
<sor>explicit, bauxitbánya, exponál, hexameter, extravagáns, fixál,</sor>
<sor>explicit, bauxitbánya, exponál, hexameter, extravagáns, fixál,</sor>
			</szoveg>
		</elem>
		<elem>
			<szoveg tipus="1" x="20" y="20" w="700" cim="true">Összegző gyakorlás</szoveg>
<szoveg tipus="2" x="20" y="100" w="560">
<sor>ex libris, xenonlámpa, paradox, exhumál, extrovertált, exodus,</sor>
<sor>export-import tevékenység, maximalizmus, Xavér, expresszjárat,</sor>
<sor>reflex, sza-xo-fon, extrém eset, x tengely, luxuskocsi, turmix</sor>

			</szoveg>
	</elem>
</oldal>
<!-- [[[[[[[[[[[[[[[[[[[[[[ 23. ]]]]]]]]]]]]]]]]]]]]]] -->
	<oldal cim="A q betű (bal kéz kisujj)">
		<elem>
			<szoveg tipus="1" x="20" y="20" w="700" cim="true">A q betű (bal kéz kisujj)</szoveg>
<szoveg tipus="2" x="20" y="100" w="560">
			</szoveg>
		</elem>
		<elem>
			<szoveg tipus="1" x="20" y="20" w="700" cim="true">Mozdulatgyakorlatok</szoveg>
<szoveg tipus="2" x="20" y="100" w="560">
<sor>aqaqaqaqaqaqaqaqaqaqaqaqa</sor>
<sor>aqa sqa dqa fqa jqa kqa lqa éqa aqa sqa dqa fqa jqa kqa lqa éqa</sor>
			</szoveg>
		</elem>
		<elem>
			<szoveg tipus="1" x="20" y="20" w="700" cim="true">Szógyakorlatok</szoveg>
<szoveg tipus="2" x="20" y="100" w="560">
<sor>quando saque, quando saque, quando saque, quando saque, quando</sor>
<sor>quando saque, quando saque, quando saque, quando saque, quando</sor>
<sor>caqui, doquier, coqueto caqui, doquier, coqueto caqui, doquier</sor>
<sor>caqui, doquier, coqueto caqui, doquier, coqueto caqui, doquier</sor>
<sor>quartier, bloquaer roque aquel quartier, bloquaer roque aquel,</sor>
<sor>quartier, bloquaer roque aquel quartier, bloquaer roque aquel,</sor>
<sor>siquiera, questura alquiler séquito, biquini requiem, alquimia</sor>
<sor>siquiera, questura alquiler séquito, biquini requiem, alquimia</sor>
			</szoveg>
		</elem>
		<elem>
			<szoveg tipus="1" x="20" y="20" w="700" cim="true">Összegző gyakorlás</szoveg>
<szoveg tipus="2" x="20" y="100" w="560">
<sor>quattrocento, priusquam, doquier, raqueta, siquiera, question,</sor>
<sor>bloqueo, Queen, alquimia, blanquear, poquito Aquincum, oquedad</sor>
			</szoveg>
		</elem>
		<elem>
			<szoveg tipus="1" x="20" y="20" w="700" cim="true">Szövegmásolás - Rácz Hajnalka: Így látom</szoveg>
<szoveg tipus="2" x="20" y="100" w="560">
<sor>A taxiállomáson négy kocsi állt, s ott pihent mellette ő is,</sor>
<sor>a kedvesem, aquával kezében, aki a legfontosabb része éle-</sor>
<sor>temnek. Szőkésbarna haját lengette a szél, arcát melengette</sor>
<sor>a nap, kezein megpihent a por, kockás textilsálja befedte</sor>
<sor>szép, vékony nyakát – csodálatos látvány. Odamentem, s ő egy</sor>
<sor>gyors reflexszel kivette a hallgatott Queent, én pedig behaj-</sor>
<sor>tottam Shakespeare-t, hogy átkarolhassam.</sor>


			</szoveg>
	</elem>
</oldal>
<!-- [[[[[[[[[[[[[[[[[[[[[[ 24. ]]]]]]]]]]]]]]]]]]]]]] -->
	<oldal cim="Az ó betű (jobb kéz kisujj)">
		<elem>
			<szoveg tipus="1" x="20" y="20" w="700" cim="true">A ó betű (jobb kéz kisujj)</szoveg>
<szoveg tipus="2" x="20" y="100" w="560">
			</szoveg>
		</elem>
		<elem>
			<szoveg tipus="1" x="20" y="20" w="700" cim="true">Mozdulatgyakorlatok</szoveg>
<szoveg tipus="2" x="20" y="100" w="560">
<sor>éóéóéóéóéóéóéóéóéóéóéóéóé</sor>
<sor>aóé sóé dóé fóé jóé kóé lóé éóé aóé sóé dóé fóé jóé kóé lóé éóé</sor>
			</szoveg>
		</elem>
		<elem>
			<szoveg tipus="1" x="20" y="20" w="700" cim="true">Szógyakorlatok</szoveg>
<szoveg tipus="2" x="20" y="100" w="560">
<sor>óév lakóé óév lakóé óév lakóé óév lakóé óév lakóé óév lakóé óv</sor>
<sor>óév lakóé óév lakóé óév lakóé óév lakóé óév lakóé óév lakóé óv</sor>
<sor>ló só jó ró ló só jó ró ló só jó ró ló só jó ró ló só jó ró ló</sor>
<sor>kód csók mód hód adó kód csók mód hód adó kód csók mód hód adó</sor>
<sor>folyó óra, fotó, záró, drót, padló kód, járó lakó gólya, mosó,</sor>
<sor>folyó óra, fotó, záró, drót, padló kód, járó lakó gólya, mosó,</sor>
<sor>palló pók szó forró izzók pólus mosdó manó mottó hálóing trikó</sor>
<sor>palló pók szó forró izzók pólus mosdó manó mottó hálóing trikó</sor>
<sor>sajtó unió, próbál, szabó ámokfutó, tudós, utód alufólia, kiló</sor>
<sor>sajtó unió, próbál, szabó ámokfutó, tudós, utód alufólia, kiló</sor>
			</szoveg>
		</elem>
		<elem>
			<szoveg tipus="1" x="20" y="20" w="700" cim="true">Összegző gyakorlás</szoveg>
<szoveg tipus="2" x="20" y="100" w="560">
<sor>vakáció, szindróma élőszó, demonstráció várandóság, produkció,</sor>
<sor>szőlőkaró bolygó pióca szólam, demagógia zacskó, trilógia olló</sor>
<sor>csereakció, tanuló, szálló, billió, teleszkóp, misszió, sóhaj,</sor>
<sor>antropológus, reformáció, ábrázoló, trónviszály, rekonstrukció</sor>
<sor>skorpió, autonóm, szavaló, protekció, agresszió, kóreset, dió,</sor>
<sor>saválló, csomópont, puhatolódzik, asztrológia, reflexió, óvónő</sor>
			</szoveg>
		</elem>
		<elem>
			<szoveg tipus="1" x="20" y="20" w="700" cim="true">Szövegmásolás - Rácz Hajnalka: Falu</szoveg>
<szoveg tipus="2" x="20" y="100" w="560">
<sor>Nagyanyám kertjében vagyunk – csak ő szokta gondozni, ezért</sor>
<sor>is mondhatjuk, hogy a nagyanyáé. Nagyapa az óráját nézi,</sor>
<sor>mintha fontos találkozója lenne, mialatt mi az érett paradi-</sor>
<sor>csomokat óvatosan pakoljuk a kosárba. Gyorsan haladunk. Nagy-</sor>
<sor>anyának gyakran fáj a háta, ezért általában én végzem a munka</sor>
<sor>nagy részét. Jó itt lenni. Az óriás kert gondozásába rejtőzve</sor>
<sor>elnyomhatom a fejemben óriásra nőtt hangokat. A falu egész más,</sor>
<sor>mint a város, itt az emberek állandóan beszélgetnek egymással.</sor>
<sor>Nekem már hallgatni is sok néha.</sor>


			</szoveg>
	</elem>
</oldal>
<!-- [[[[[[[[[[[[[[[[[[[[[[ 25. ]]]]]]]]]]]]]]]]]]]]]] -->
	<oldal cim="Az í betű (bal kéz kisujj)">
		<elem>
			<szoveg tipus="1" x="20" y="20" w="700" cim="true">Az í betű (bal kéz kisujj)</szoveg>
<szoveg tipus="2" x="20" y="100" w="560">
			</szoveg>
		</elem>
		<elem>
			<szoveg tipus="1" x="20" y="20" w="700" cim="true">Mozdulatgyakorlatok</szoveg>
<szoveg tipus="2" x="20" y="100" w="560">
<sor>aíaíaíaíaíaíaíaíaíaíaíaía</sor>
<sor>aía sía día fía jía kía lía éía aía sía día fía jía kía lía éía</sor>
			</szoveg>
		</elem>
		<elem>
			<szoveg tipus="1" x="20" y="20" w="700" cim="true">Szógyakorlatok</szoveg>
<szoveg tipus="2" x="20" y="100" w="560">
<sor>sírás kísér sírás kísér sírás kísér sírás kísér sírás kísér sí</sor>
<sor>sírás kísér sírás kísér sírás kísér sírás kísér sírás kísér sí</sor>
<sor>sír szív kín íny míg vív sík szíj zsír így kvíz bír cím hím ív</sor>
<sor>kímél átírás, térítés kímél átírás, térítés kímél átírás, ítél</sor>
<sor>kímél átírás, térítés kímél átírás, térítés kímél átírás, ítél</sor>
<sor>díszít szárító, koalíció krízis, díszít szárító, koalíció dísz</sor>
<sor>díszít szárító, koalíció krízis, díszít szárító, koalíció dísz</sor>
<sor>szívesen kerítés, vízvezeték kígyó, stílus szatír, hírlap síp,</sor>
<sor>szívesen kerítés, vízvezeték kígyó, stílus szatír, hírlap síp,</sor>
			</szoveg>
		</elem>
		<elem>
			<szoveg tipus="1" x="20" y="20" w="700" cim="true">Összegző gyakorlás</szoveg>
<szoveg tipus="2" x="20" y="100" w="560">
<sor>terít, sántít merít, párosít, okít sandít bénít csitít, segít,</sor>
<sor>kísérlet, szervíroz csíráztat, negatív presztízs, nyílt, ígér,</sor>
<sor>fixíroz szardínia, tanítás íjász, kollektíva dicsőít, relatív,</sor>
<sor>bitófa, színház alternatív, szilícium csípő, alkímia, hízeleg,</sor>
<sor>lokomotív, állítmány címke, vetítőgép effektív, hosszabbít, ír</sor>
<sor>vízió színvonal, ríkat, objektív, pionír kondíció, fakultatív,</sor>
<sor>ízig-vérig, életszínvonal, sír-rí, szívvel-lélekkel, Duna-híd,</sor>
			</szoveg>
		</elem>
		<elem>
			<szoveg tipus="1" x="20" y="20" w="700" cim="true">Szövegmásolás - Rácz Hajnalka: A táncos</szoveg>
<szoveg tipus="2" x="20" y="100" w="560">
<sor>Most egy ír nő életéről olvasok, akit Isadora Duncannek hív-</sor>
<sor>nak, s akit a modern tánc megalapítójának tartanak. Gyermek-</sor>
<sor>korától felnőttkoráig szegénységben élt elvált édesanyjával</sor>
<sor>és két testvérével. Gyakran Isadora találékonysága és élet-</sor>
<sor>revalósága mentette meg a családot az éhenhalástól. Tudta,</sor>
<sor>hogy a tánc az élethivatása. Tizenévesen már tanítványai vol-</sor>
<sor>tak. Amerikában is próbálkozott, kisebb-nagyobb sikerrel járt.</sor>
<sor>Terve, egy iskola létrehozása, ahol taníthatja táncstílusát.</sor>
<sor>Angliába utazott családjával, ahol már nagyobb sikert aratott,</sor>
<sor>majd eljutott Magyarországra, ahol ujjongtak érte. Budapest</sor>
<sor>csodálatos volt akkoriban. Az egyik parton az ódon Buda, par-</sor>
<sor>kok és szőlők borította lankáival, s a látványt megkoronázta a</sor>
<sor>Citadella meg a királyi vár.</sor>


			</szoveg>
	</elem>
</oldal>
<!-- [[[[[[[[[[[[[[[[[[[[[[ 26. ]]]]]]]]]]]]]]]]]]]]]] -->
	<oldal cim="A w betű (bal kéz gyűrűsujj)">
		<elem>
			<szoveg tipus="1" x="20" y="20" w="700" cim="true">A w betű (bal kéz gyűrűsujj) betűzése: vevé</szoveg>
<szoveg tipus="2" x="20" y="100" w="560">
			</szoveg>
		</elem>
		<elem>
			<szoveg tipus="1" x="20" y="20" w="700" cim="true">Mozdulatgyakorlatok</szoveg>
<szoveg tipus="2" x="20" y="100" w="560">
<sor>swswswswswswswswswswswsws</sor>
<sor>aws sws dws fws jws kws lws éws aws sws dws fws jws kws lws éws</sor>
			</szoveg>
		</elem>
		<elem>
			<szoveg tipus="1" x="20" y="20" w="700" cim="true">Szógyakorlatok</szoveg>
<szoveg tipus="2" x="20" y="100" w="560">
<sor>water watt work away water watt work away water watt work away</sor>
<sor>water watt work away water watt work away water watt work away</sor>
<sor>tower, gnaw, dawn, tower, gnaw, dawn, tower, gnaw, dawn, tower</sor>
<sor>tower, gnaw, dawn, tower, gnaw, dawn, tower, gnaw, dawn, tower</sor>
<sor>hollow swagger, eyebrow hollow swagger, eyebrow hollow swagger</sor>
<sor>hollow swagger, eyebrow hollow swagger, eyebrow hollow swagger</sor>
<sor>without, news whisky, bowling chewing-gum, wigwam steward, own</sor>
<sor>without, news whisky, bowling chewing-gum, wigwam steward, own</sor>
<sor>walesi, slow, winchester, sweet, windows, how, street-sweeper,</sor>
<sor>walesi, slow, winchester, sweet, windows, how, street-sweeper,</sor>
<sor>cowboy, wonderful, reviewer, bowstring, awesome, come forward,</sor>
<sor>cowboy, wonderful, reviewer, bowstring, awesome, come forward,</sor>
			</szoveg>
		</elem>
		<elem>
			<szoveg tipus="1" x="20" y="20" w="700" cim="true">Összegző gyakorlás</szoveg>
<szoveg tipus="2" x="20" y="100" w="560">
<sor>Wesselényi, Werbőczy, Walter, Weber, Broadway, New York, Brown</sor>
<sor>Dessewffy, Wolfgang, Washington, Hemingway, Wagner, Stokowski,</sor>
			</szoveg>
		</elem>
		<elem>
			<szoveg tipus="1" x="20" y="20" w="700" cim="true">Szövegmásolás - Rácz Hajnalka: Spiró György: The King of Diamonds (részlet)</szoveg>
<szoveg tipus="2" x="20" y="100" w="560">
<sor>I, the only living, I, the last glance on what is not, the</sor>
<sor>first conscious and the first unprejudiced smile. I, the</sor>
<sor>last living, who stands ready to join the bleeding, who has</sor>
<sor>a last glance of forgetting, and has a last laugh, I know</sor>
<sor>that it was beautiful, it made us all but live, a thousand</sor>
<sor>worlds would not have had better dreams than the existing</sor>
<sor>did, the ONE, it was beautiful, and its ending brings no</sor>
<sor>loss it was not a chance, only its dream, Not the possibi-</sor>
<sor>lity, simply the dream In horror it would be If it ever</sor>
<sor>came to be.</sor>


			</szoveg>
	</elem>
</oldal>
<!-- [[[[[[[[[[[[[[[[[[[[[[ 27. ]]]]]]]]]]]]]]]]]]]]]] -->
	<oldal cim="Az ű betű (jobb kéz kisujj)">
		<elem>
			<szoveg tipus="1" x="20" y="20" w="700" cim="true">Az ű betű (jobb kéz kisujj)</szoveg>
<szoveg tipus="2" x="20" y="100" w="560">
			</szoveg>
		</elem>
		<elem>
			<szoveg tipus="1" x="20" y="20" w="700" cim="true">Mozdulatgyakorlatok</szoveg>
<szoveg tipus="2" x="20" y="100" w="560">
<sor>éűéűéűéűéűéűéűéűéűéűéűéűé</sor>
<sor>aűé sűé dűé fűé jűé kűé lűé éűé aűé sűé dűé fűé jűé kűé lűé éűé</sor>
			</szoveg>
		</elem>
		<elem>
			<szoveg tipus="1" x="20" y="20" w="700" cim="true">Szógyakorlatok</szoveg>
<szoveg tipus="2" x="20" y="100" w="560">
<sor>műértő műtét műértő műtét műértő műtét műértő műtét műértő műt</sor>
<sor>műértő műtét műértő műtét műértő műtét műértő műtét műértő műt</sor>
<sor>tűz űr fűt tű tűz űr fűt tű tűz űr fűt tű tűz űr fűt tű tűz űr</sor>
<sor>betű, bűvész, hegedű eszű etűd betű, bűvész, hegedű eszű etűd,</sor>
<sor>betű, bűvész, hegedű eszű etűd betű, bűvész, hegedű eszű etűd,</sor>
<sor>kőműves, értékű műbőr, értelmű, kőműves, értékű műbőr, értelmű</sor>
<sor>kőműves, értékű műbőr, értelmű, kőműves, értékű műbőr, értelmű</sor>
<sor>hűség, szűcs, hűsít, szűrő, műtrágya, szűz, nedű, életmű, prűd</sor>
<sor>hűség, szűcs, hűsít, szűrő, műtrágya, szűz, nedű, életmű, prűd</sor>
<sor>dűlő emlékmű egyszerűsít, gyűrődik ágynemű attitűd, bűbájos fű</sor>
<sor>dűlő emlékmű egyszerűsít, gyűrődik ágynemű attitűd, bűbájos fű</sor>
			</szoveg>
		</elem>
		<elem>
			<szoveg tipus="1" x="20" y="20" w="700" cim="true">Összegző gyakorlás</szoveg>
<szoveg tipus="2" x="20" y="100" w="560">
<sor>mintaszerű, fehérnemű, gyűjtő, képzőművészet, hímnemű, tűzoltó</sor>
<sor>gyűlés, egysejtű bűz, feltűnést szarufésű, országgyűlés gyűszű</sor>
<sor>keserű, fűrészpor tűzbiztos műhold gőzfűtés, rákszűrés fűolló,</sor>
			</szoveg>
		</elem>
		<elem>
			<szoveg tipus="1" x="20" y="20" w="700" cim="true">Szövegmásolás - Rácz Hajnalka: Beethoven</szoveg>
<szoveg tipus="2" x="20" y="100" w="560">
<sor>A műsort ma is lekéstem. A művelődési ház telt nézőterén nem</sor>
<sor>találok helyet, csak az ajtóban tudok megállni. Az előadómű-</sor>
<sor>vész, aki egyébként nagyon jó barátom, Beethoven-műveket ját-</sor>
<sor>szik. Hegedűjátéka mindig feledhetetlen perceket ad számomra.</sor>
<sor>Rudolf Serkin kíséri zongorán. Ahogy hallgatom e csodálatos</sor>
<sor>zenét, felidézem Beethovent, aki a XVIII. század végén és</sor>
<sor>XIX. század elején élt. Bonnban nevelkedett. Mestere Chris-</sor>
<sor>tian Neefe lett, aki kiragadta őt az otthoni bántalmazás ál-</sor>
<sor>tali szenvedéseiből, és komponálásra buzdította. Anyját tizen-</sor>
<sor>hét éves korában vesztette el, miután ő tartotta el a családot.</sor>
<sor>Huszonkét éves volt, mikor édesapja is meghalt. Bécsben te-</sor>
<sor>lepedett le, és ott Haydn fogadta tanítványául, zeneelméletet</sor>
<sor>tanított neki. Beethoven bármely témára tudott improvizálni.</sor>
<sor>A bécsi arisztokraták szívesen hívták meg palotáikba zenélni.</sor>
<sor>Az első tíz évben nagy népszerűségre tett szert, híre elter-</sor>
<sor>jedt a kontinensen, majd betegség árnyékolta be életét, rom-</sor>
<sor>lott hallása. A természetben keresett vigaszt. Amikor már</sor>
<sor>egyáltalán nem hallott, akkor írta a legnagyobb műveit. Olyan</sor>
<sor>volt, mint egy zenei szobrász. Szerzeményeiből egy szonátát</sor>
<sor>hallunk, hegedűre és zongorára.</sor>


			</szoveg>
	</elem>
</oldal>
<!-- [[[[[[[[[[[[[[[[[[[[[[ 28. ]]]]]]]]]]]]]]]]]]]]]] -->
	<oldal cim="Az ö betű (jobb kéz gyűrűsujj)">
		<elem>
			<szoveg tipus="1" x="20" y="20" w="700" cim="true">Az ö betű (jobb kéz gyűrűsujj)</szoveg>
<szoveg tipus="2" x="20" y="100" w="560">
			</szoveg>
		</elem>
		<elem>
			<szoveg tipus="1" x="20" y="20" w="700" cim="true">Mozdulatgyakorlatok</szoveg>
<szoveg tipus="2" x="20" y="100" w="560">
<sor>lölölölölölölölölölölölöl</sor>
<sor>aöl söl döl föl jöl köl löl éöl aöl söl döl föl jöl köl löl éöl</sor>
			</szoveg>
		</elem>
		<elem>
			<szoveg tipus="1" x="20" y="20" w="700" cim="true">Szógyakorlatok</szoveg>
<szoveg tipus="2" x="20" y="100" w="560">
<sor>öltöző elöl öltöző elöl öltöző elöl öltöző elöl öltöző elöl öl</sor>
<sor>öltöző elöl öltöző elöl öltöző elöl öltöző elöl öltöző elöl öl</sor>
<sor>köd föl kör tök lök köd föl kör tök lök köd föl kör tök lökdös</sor>
<sor>öltöztet, jövő életösztön, öltöztet, jövő életösztön, öltöztet</sor>
<sor>öltöztet, jövő életösztön, öltöztet, jövő életösztön, öltöztet</sor>
<sor>összpontosít, bőrönd, csökkent, összpontosít, bőrönd, csökkent</sor>
<sor>összpontosít, bőrönd, csökkent, összpontosít, bőrönd, csökkent</sor>
<sor>könyvvitel döbben, közlekedés göngyölít bölcsesség csörrentés,</sor>
<sor>könyvvitel döbben, közlekedés göngyölít bölcsesség csörrentés,</sor>
<sor>göröngy töltelék ködös, öröm börtön dörömböl, köszönet törődés</sor>
<sor>göröngy töltelék ködös, öröm börtön dörömböl, köszönet törődés</sor>
			</szoveg>
		</elem>
		<elem>
			<szoveg tipus="1" x="20" y="20" w="700" cim="true">Összegző gyakorlás</szoveg>
<szoveg tipus="2" x="20" y="100" w="560">
<sor>kötvény, önálló förtelem közönség, böjt gömbölyű, könnyebbség,</sor>
<sor>munkaközösség, közgazdaság, erőlködik, könnyűzenei, jövedelem,</sor>
<sor>zöldell, közeljövő, Vörös-tenger, görögkeleti, örökkön-örökké,</sor>
<sor>munkaközösség, közgazdaság, erőlködik, könnyűzenei, jövedelem,</sor>
<sor>jövet-menet, kölcsönkap, gyűjtőmunka, körbe-körbe, összevissza</sor>
<sor>örömujjongás, középfutam, nagyközség, közzétesz, kitűnő tanuló</sor>
<sor>a közé, a mögé, a mögött, e között, közvetítés, fölfuvalkodott</sor>
			</szoveg>
		</elem>
		<elem>
			<szoveg tipus="1" x="20" y="20" w="700" cim="true">Szövegmásolás - Kornis Mihály: Mikor először csalódott bennem a szemed (átirat)</szoveg>
<szoveg tipus="2" x="20" y="100" w="560">
<sor>Titok. Előttem titok, előtted nem. Nem is fogsz emlékezni rá,</sor>
<sor>amikor megkérdezem, ugyan miért csalódtál bennem, mire jöttél</sor>
<sor>rá, mért tört meg a szemedben a fény, mi jutott az eszedbe ak-</sor>
<sor>kor. Te nem is tudod, hogy én miről beszélek, fogod mondani, és</sor>
<sor>rosszul esik, amit mondsz, mert hát hogyan is képzelheted, mi-</sor>
<sor>féle ember vagy te, hogy komolyan elő mersz állni azzal, hogy</sor>
<sor>már kicsi korodban sem szerettelek. Öt évesen, négy évesen, há-</sor>
<sor>rom évesen. Hogy mersz ilyet kitalálni egyáltalán. A szemedből</sor>
<sor>tudom. A szemedben láttam. Talán te nem is vetted észre, mi tör-</sor>
<sor>tént. Nem vehetted észre, mert nem te láttad. Akkor gondoltam</sor>
<sor>először, hogy ez egy más világ. Hogy mi voltunk már egy másik</sor>
<sor>világban is így. Mint a régi filmeken, amikor a feje tetejére</sor>
<sor>fordul a kép, miközben elhomályosul és pörög, majd megint a tal-</sor>
<sor>pára fordul, megáll, kiélesedik, és ismét ugyanott vagyunk, első</sor>
<sor>pillanatra így látszik. Vagy mégsem.</sor>



			</szoveg>
	</elem>
</oldal>
<!-- [[[[[[[[[[[[[[[[[[[[[[ 29. ]]]]]]]]]]]]]]]]]]]]]] -->
	<oldal cim="Az ú betű (jobb kéz kisujj)">
		<elem>
			<szoveg tipus="1" x="20" y="20" w="700" cim="true">Az ú betű (jobb kéz kisujj)</szoveg>
<szoveg tipus="2" x="20" y="100" w="560">
			</szoveg>
		</elem>
		<elem>
			<szoveg tipus="1" x="20" y="20" w="700" cim="true">Mozdulatgyakorlatok</szoveg>
<szoveg tipus="2" x="20" y="100" w="560">
<sor>éúéúéúéúéúéúéúéúéúéúéúéúé</sor>
<sor>aúé súé dúé fúé júé kúé lúé éúé aúé súé dúé fúé júé kúé lúé éúé</sor>
			</szoveg>
		</elem>
		<elem>
			<szoveg tipus="1" x="20" y="20" w="700" cim="true">Szógyakorlatok</szoveg>
<szoveg tipus="2" x="20" y="100" w="560">
<sor>savanyúért háborúért savanyúért háborúért savanyúért háborúért</sor>
<sor>savanyúért háborúért savanyúért háborúért savanyúért háborúért</sor>
<sor>fúj kút múlt úgy túl fúj kút múlt úgy túl fúj kút múlt úgy túl</sor>
<sor>tortúra, hajlamú, szivattyú, újév, tortúra, hajlamú, szivattyú</sor>
<sor>tortúra, hajlamú, szivattyú, újév, tortúra, hajlamú, szivattyú</sor>
<sor>túloldal, szájú, újév, zsúfolt, túloldal, szájú, újév, zsúfolt</sor>
<sor>túloldal, szájú, újév, zsúfolt, túloldal, szájú, újév, zsúfolt</sor>
<sor>málészájú retúrjegy, karikatúra, grúz, bútor varjú, búvár, szú</sor>
<sor>málészájú retúrjegy, karikatúra, grúz, bútor varjú, búvár, szú</sor>
<sor>zúdít rút túrós súly azúr fiú túró rúzs púp dús dúl búza vasút</sor>
<sor>zúdít rút túrós súly azúr fiú túró rúzs púp dús dúl búza vasút</sor>
			</szoveg>
		</elem>
		<elem>
			<szoveg tipus="1" x="20" y="20" w="700" cim="true">Összegző gyakorlás</szoveg>
<szoveg tipus="2" x="20" y="100" w="560">
<sor>csakúgy június, bosszú gyapjú régmúlt, medúza irányzatú, fúga,</sor>
<sor>kútágas túlóra másodfokú, alagút, újesztendő válaszút, éppúgy,</sor>
<sor>korrektúra, tanúság, kocsonyahús túlsúly, labdarúgó, evolúció,</sor>
<sor>háború lélekbúvár, bújócska, unokahúg cenzúra hiúz, szomjúság,</sor>
<sor>stúdió útközben, gyújtó körút illúzió lúgkő, amúgy, diktatúra,</sor>
<sor>tanúsítvány, húz-von, manufaktúra, cipőhúzó kanál, búvalbélelt</sor>
			</szoveg>
		</elem>
		<elem>
			<szoveg tipus="1" x="20" y="20" w="700" cim="true">Szövegmásolás - Rácz Hajnalka: Öregasszony</szoveg>
<szoveg tipus="2" x="20" y="100" w="560">
<sor>Egyszer volt, hol nem volt, túl az Óperencián, és minden kép-</sor>
<sor>zeleten túl, valahol a világegyetemben élt egy öregasszony.</sor>
<sor>Sok szomorúfűz vette körbe házát, mint egy ölelés bús komorsá-</sor>
<sor>gán. Az öregasszony mindennap tíz könnycseppet hullajtott,</sor>
<sor>melyek földre érkezvén nyíló, fehér szirmú virágokká váltak.</sor>
<sor>Életútjának jelzőfényeiként kísérnek a múltba, hogy elmesél-</sor>
<sor>jék, mi történt egykor. Valamikor régen a világ szeretetben</sor>
<sor>és békességben élt hosszú-hosszú évszázadokig – ez volt maga</sor>
<sor>a paradicsom. Mindenki boldognak érezte magát, segítőkész és</sor>
<sor>jóindulatú volt. Valami összetartotta az embereket, talán</sor>
<sor>egy közös cél, vagy csak nem ismerték a haragot és gyűlöle-</sor>
<sor>tet, mi szétválaszthatta volna őket. Egyszer aztán egy járvány</sor>
<sor>kezdett terjedni, mely az embereket indulatossá és ellensé-</sor>
<sor>gessé tette. Elszabadult a pokol. Kitört a háború. A járvány</sor>
<sor>mindent, mi eddig virágzott, elpusztított. Az öregasszony em-</sor>
<sor>lékszik fiatalkorára, a járvány előtti belső szépségre. Mióta</sor>
<sor>férje meghalt, mindennap tíz könnycseppet hullajt, hogy éltesse</sor>
<sor>szívében a múltat.</sor>




			</szoveg>
	</elem>
</oldal>
<!-- [[[[[[[[[[[[[[[[[[[[[[ 30. ]]]]]]]]]]]]]]]]]]]]]] -->
	<oldal cim="Az ü betű (jobb kéz kisujj)">
		<elem>
			<szoveg tipus="1" x="20" y="20" w="700" cim="true">Az ü betű (jobb kéz kisujj)</szoveg>
<szoveg tipus="2" x="20" y="100" w="560">
			</szoveg>
		</elem>
		<elem>
			<szoveg tipus="1" x="20" y="20" w="700" cim="true">Mozdulatgyakorlatok</szoveg>
<szoveg tipus="2" x="20" y="100" w="560">
<sor>éüéüéüéüéüéüéüéüéüéüéüéüé</sor>
<sor>aüé süé düé füé jüé küé lüé éüé aüé süé düé füé jüé küé lüé éüé</sor>
			</szoveg>
		</elem>
		<elem>
			<szoveg tipus="1" x="20" y="20" w="700" cim="true">Szógyakorlatok</szoveg>
<szoveg tipus="2" x="20" y="100" w="560">
<sor>fügét ülés fügét ülés fügét ülés fügét ülés fügét ülés fügével</sor>
<sor>fügét ülés fügét ülés fügét ülés fügét ülés fügét ülés fügével</sor>
<sor>fül rügy kürt sül fül rügy kürt sül fül rügy kürt sül fül rügy</sor>
<sor>leütés sikerült értesül, sügér leütés sikerült értesül, sügér,</sor>
<sor>leütés sikerült értesül, sügér leütés sikerült értesül, sügér,</sor>
<sor>dülleszkedik szédül, bürokrácia csügged, énnélkülem, testület,</sor>
<sor>dülleszkedik szédül, bürokrácia csügged, énnélkülem, testület,</sor>
<sor>érvényesül, hüvely esküvő függvény, ejtjük enyhítjük, ülőhely,</sor>
<sor>érvényesül, hüvely esküvő függvény, ejtjük enyhítjük, ülőhely,</sor>
<sor>türtőztet, ügyeletes, büntető, küldemény, üreges, ükapám, süt,</sor>
<sor>türtőztet, ügyeletes, büntető, küldemény, üreges, ükapám, süt,</sor>
			</szoveg>
		</elem>
		<elem>
			<szoveg tipus="1" x="20" y="20" w="700" cim="true">Összegző gyakorlás</szoveg>
<szoveg tipus="2" x="20" y="100" w="560">
<sor>üdvözlő ünnepnap, együttható kürtőskalács, sürgős, feszültség,</sor>
<sor>rügyezik, együttlét, üzletember, fürdővíz, sebesült, gyümölcs,</sor>
<sor>süpped, ügyfélszolgálat, becsület, szükség, nyüzsög, szürcsöl,</sor>
<sor>függőleges, üldöző, füzet büszke, együgyű, felületes, dünnyög,</sor>
<sor>szülő, szűkület, küzd fülemüle, újszülött, csődül fejlesztjük,</sor>
<sor>füstifecske, büfé, sütöde füvészkert, ügyefogyott születésnap,</sor>
<sor>terület koraszülött tüszköl becsületrend, üzletvezető, tüzelő,</sor>
			</szoveg>
		</elem>
		<elem>
			<szoveg tipus="1" x="20" y="20" w="700" cim="true">Szövegmásolás - Rácz Hajnalka: Szimbólumok</szoveg>
<szoveg tipus="2" x="20" y="100" w="560">
<sor>A Szimbólumok a művészetben című könyvben nagyon sok érdekes</sor>
<sor>dolgot találtam. Szó esett például Odüsszeusz, a görög hős,</sor>
<sor>Ithaka királyáról, aki Laertésznek volt a fia. Pénelopét vet-</sor>
<sor>te feleségül, mert Helenéről a spártai király javára lemon-</sor>
<sor>dott. Bővebben Homérosz Iliászában olvashatunk Odüsszeuszról</sor>
<sor>és a trójai háborúról. Odüsszeia jeleneteit freskókon láthat-</sor>
<sor>juk, amelyeket Pinturicchio készített. Ebben a könyvben talál-</sor>
<sor>tam leírást az érzékek ábrázolásáról is. Az öt érzéket veszik</sor>
<sor>alapul, mely a látás, a szaglás, a hallás, a tapintás és az</sor>
<sor>ízlelés. Ez leginkább a XVII. századra volt jellemző. Ezeket az</sor>
<sor>érzékeket tárgyakkal jelképezték, mint pl. a füstölgő pipa.</sor>




			</szoveg>
	</elem>
</oldal>
<!-- [[[[[[[[[[[[[[[[[[[[[[ 31. ]]]]]]]]]]]]]]]]]]]]]] -->
	<oldal cim="A Backpace (jobb kéz kisujj)">
		<elem>
			<szoveg tipus="1" x="20" y="20" w="700" cim="true">A Backspace (jobb kéz kisujj)</szoveg>
<szoveg tipus="2" x="20" y="100" w="560">
			</szoveg>
		</elem>
		<elem>
			<szoveg tipus="1" x="20" y="20" w="700" cim="true">Szövegmásolás - Rácz Hajnalka: Harmat</szoveg>
<szoveg tipus="2" x="20" y="100" w="560">
<sor>Mesék és mítoszok, mítoszok és regék, mind tudatunkba ivódtak</sor>
<sor>anyáink által, mik gyermekkorunkban oly varázslatosnak tűn-</sor>
<sor>tek, s felnőttkorunkra elvesztek. Múlt és jelen, jelen és jö-</sor>
<sor>vő, mind létezésünk meghatározója, s képzeletünk fő forrása,</sor>
<sor>miként észrevétlen átcsúsznak egymáson képtáraikkal. Ez a vi-</sor>
<sor>lág, a pillanatok világa, az olyan pillanatoké, mik kápráza-</sor>
<sor>tos világba kalauzolnak minket, ahová megérkezik a Harmat,</sor>
<sor>rövid életével megigézve minden emberi érzést. Nézd, mily</sor>
<sor>csendben és magányosan játszik a Hold a Nappal, az éjszakák</sor>
<sor>és nappalok uralkodói, miközben itt a Földön, mint egy folyam</sor>
<sor>csörgedezésében a folytonosan múló és mégis örökké jelenvaló</sor>
<sor>időnek árát számláljuk még álmainkban is. Emberi világunk pa-</sor>
<sor>rány, aprócska, egy icipici csupán zárt bőrruhánkban. Láthat-</sor>
<sor>nád, miként ér véget a Hold uralma, s hogyan hajtja meg fejét</sor>
<sor>a kikandikáló, majd felemelkedő Nap előtt, mialatt a Föld pe-</sor>
<sor>remén szétárasztja dús, lángoló haját, s beragyogja az ég sö-</sor>
<sor>tétjét. A Hold feledhetetlen kecsessége és teltsége, ahogy a</sor>
<sor>Napnak tetszelegve folyamatos körforgásban alakot változtat</sor>
<sor>a fénylő ajándékaival telt égen. Míg a Hold ezerszer és milli-</sor>
<sor>ószor körberajongja a Napot, ő makacsul és konokul napról nap-</sor>
<sor>ra megalázza, s tündöklő szépségével elvakítja. Oly távol egy-</sor>
<sor>mástól, mégis együtt, a hozzáférhetetlenség kiaknázatlan kút-</sor>
<sor>jába süppedve, szenvedélyük szüntelenségében élnek. Ez időben,</sor>
<sor>e hajnali óra álmos lustaságában, az általuk játszott szerel-</sor>
<sor>mes vívódásban születik meg az a csodálatos teremtés, mi jel-</sor>
<sor>zi az élet alapelemének létezését, a levegőt.</sor>




			</szoveg>
	</elem>
</oldal>
<!-- [[[[[[[[[[[[[[[[[[[[[[ 32. ]]]]]]]]]]]]]]]]]]]]]] -->
	<oldal cim="Gyakorlás a jobb kéz kisujj betűire">
		<elem>
			<szoveg tipus="1" x="20" y="20" w="700" cim="true">Ismétlés, gyakorlás: jobb kéz kisujj betűi</szoveg>
<szoveg tipus="2" x="20" y="100" w="560">
			</szoveg>
		</elem>
		<elem>
			<szoveg tipus="1" x="20" y="20" w="700" cim="true">A p betű</szoveg>
<szoveg tipus="2" x="20" y="100" w="560">
<sor>apparátus piros apraja baptisták paprika hiperbola pszichopata</sor>
<sor>paradicsom vipera pattanás precíz epres puding éppen pedig apa</sor>
<sor>porcelán zipzár ripacs pompás csipeget parttalan áprilisi pára</sor>
			</szoveg>
		</elem>
		<elem>
			<szoveg tipus="1" x="20" y="20" w="700" cim="true">Az ű betű</szoveg>
<szoveg tipus="2" x="20" y="100" w="560">
<sor>fésűjét nagyképűek tűzzel-vassal csengettyűjét egysejtű fűtést</sor>
<sor>kézműves csűrés-csavarás gyűretlen kakukkfű hegedűs művelés űz</sor>
<sor>tűrhetetlen zsűri derű sűrűség jegygyűrű életműi fércmű bűvész</sor>
			</szoveg>
		</elem>
		<elem>
			<szoveg tipus="1" x="20" y="20" w="700" cim="true">Az ú betű</szoveg>
<szoveg tipus="2" x="20" y="100" w="560">
<sor>idejétmúlt megszúr túlérzékeny súg-búg túlélés túlméretez csúf</sor>
<sor>nyúlékony újkor félárú testsúlya rosszakaratú borús csúszda új</sor>
<sor>agyafúrt útirány bútorfény fúj borjúszelet eltúlozza súly ifjú</sor>
			</szoveg>
		</elem>
		<elem>
			<szoveg tipus="1" x="20" y="20" w="700" cim="true">Az ó betű</szoveg>
<szoveg tipus="2" x="20" y="100" w="560">
<sor>sósav dalról szólóénekes jótétemény lerója jószerével sarló só</sor>
<sor>hólapát tó szóvég rókaprém bódé kalória patkó jóravaló órás jó</sor>
<sor>állókép gólyafészek sóder jóllakik óbégat tempó váróterem izzó</sor>
			</szoveg>
		</elem>
		<elem>
			<szoveg tipus="1" x="20" y="20" w="700" cim="true">Az ő betű</szoveg>
<szoveg tipus="2" x="20" y="100" w="560">
<sor>ősidők fejlődés főétel évődik fénylő évelő virágtő élőhely idő</sor>
<sor>nővére tőled őtőle felkelő nőszirom gőg kilő szőke erdőből főz</sor>
<sor>kőasztal beékelődik előváros tőled szőlőért kellően ősszel sző</sor>
			</szoveg>
		</elem>
		<elem>
			<szoveg tipus="1" x="20" y="20" w="700" cim="true">Az ü betű</szoveg>
<szoveg tipus="2" x="20" y="100" w="560">
<sor>leülepedik tündér területét dülékeny együttvéve feszültség ügy</sor>
<sor>végezetül müzli csüggedés tüneményes születésnap üveges küllem</sor>
<sor>derültség büntetés békülékeny füllentés becsületsértés ezüstös</sor>
			</szoveg>
		</elem>
		<elem>
			<szoveg tipus="1" x="20" y="20" w="700" cim="true">Szövegmásolás - Rácz Hajnalka: A társadalomban</szoveg>
<szoveg tipus="2" x="20" y="100" w="560">
<sor>A klaviatúra rejtelmes betűi tűnnek fel előttem szépen egy-</sor>
<sor>más mellett, alatt és felett meghatározott sorrendben, ahogy</sor>
<sor>azt valaki már sok éve meghatározta. Egy társadalom képét lá-</sor>
<sor>tom, akár a mi társadalmunkét. Vannak nekünk tetsző betűk,</sor>
<sor>melyeket gyakrabban használunk, s vannak, melyeket kevésbé.</sor>
<sor>Ahogy leütünk egy-egy billentyűt, egy-egy szót alkothatunk,</sor>
<sor>melynek jelentése elvész a betűk sokaságában - az emberi kap-</sor>
<sor>csolatokban szerzett tapasztalatokban, a gondolatokban és az</sor>
<sor>érzelmekben. A szabályok szerint még csak nem is láthatjuk</sor>
<sor>ezeket a betűket a klaviatúrán, maximum a monitoron megjelenő</sor>
<sor>körvonalakat, mely egy-egy betű saját valójától oly messze</sor>
<sor>áll. A számítógépen meghatározzuk, milyenek legyenek ezek a</sor>
<sor>körvonalak, a megjelenésük, így a nekünk tetsző ruhát öltik</sor>
<sor>fel, mint ahogy minden embert felruházunk a nekünk tetsző</sor>
<sor>szereppel. A monitoron megjelenő betűk sokasága elvész a tö-</sor>
<sor>megben, ahogy egy ember a száz között. Asdfjklé - mily cso-</sor>
<sor>dálatos - bal kéz kisujjtól egészen a jobb kéz kisujjáig -</sor>
<sor>játszunk, hogy játszva éljünk, s hogy az életet senki se ve-</sor>
<sor>gye komolyan. Minden mozdulathoz egy-egy betű kapcsolódik,</sor>
<sor>ahogy minden cselekvésünk összhangban van egy másik lénnyel</sor>
<sor>vagy egy eszközzel. Egy-egy betűt sok szóhoz használhatunk.</sor>
<sor>A gyakori magánhangzók - az a és az e - előfordulnak a sze-</sor>
<sor>retetben és az akaratban, s mint láthatjuk, ilyen gyakori</sor>
<sor>mássalhangzó az er és a té – ahogy a darálón kávét és diót</sor>
<sor>is darálhatok, úgy Pistikével sétálni és mozit látogatni</sor>
<sor>is jó. Ha akarom, kitörölhetem, hozzátehetek, vagy átalakít-</sor>
<sor>hatom ezeket a betűket, miközben felhasználom őket célom</sor>
<sor>eléréséhez - bármit megtehetek, mert ember vagyok. S mint em-</sor>
<sor>ber, talán többnek érzem magam, mint ami vagyok, de a betűk,</sor>
<sor>a körülöttem lévő világ nélkül – még csak nem is léteznék.</sor>
